team1,team2,date,year,time,place,toss_winner,toss_decision,winner,winner_number,won_toss_game,tied,runs_won_by,wickets_won_by,balls_remaining
5,1,27-Apr-08,2008,02:30 PM GMT / 08:00 PM LOCAL,"Dr DY Patil Sports Academy, Mumbai",1,bowl,Deccan Chargers,1,1,,,10,48
2,9,19-Apr-09,2009,10:30 AM GMT / 12:30 PM LOCAL,"Newlands, Cape Town",2,bowl,Delhi Capitals,2,1,,,10,7
3,4,18-Mar-10,2010,02:30 PM GMT / 08:00 PM LOCAL,"M.Chinnaswamy Stadium, Bengaluru",3,bowl,Royal Challengers Bangalore,3,1,,,10,56
5,4,20-May-11,2011,02:30 PM GMT / 08:00 PM LOCAL,"Wankhede Stadium, Mumbai",5,bat,Rajasthan Royals,4,0,,,10,
4,5,20-May-12,2012,02:30 PM GMT / 08:00 PM LOCAL,"Sawai Mansingh Stadium, Jaipur",4,bat,Mumbai Indians,5,0,,,10,
9,6,10-Apr-13,2013,02:30 PM GMT / 08:00 PM LOCAL,"Punjab Cricket Association IS Bindra Stadium, Mohali",6,bowl,Chennai Super Kings,6,1,,,10,
2,3,26-Apr-15,2015,02:30 PM GMT / 08:00 PM LOCAL,"Arun Jaitley Stadium, Delhi",3,bowl,Royal Challengers Bangalore,3,1,,,10,
13,7,21-Apr-16,2016,02:30 PM GMT / 08:00 PM LOCAL,"Saurashtra Cricket Association Stadium, Rajkot",7,bowl,Sunrisers Hyderabad,7,1,,,10,
13,8,7-Apr-17,2017,02:30 PM GMT / 08:00 PM LOCAL,"Saurashtra Cricket Association Stadium, Rajkot",8,bowl,Kolkata Knight Riders,8,1,,,10,
9,2,30-Apr-17,2017,10:30 AM GMT / 04:00 PM LOCAL,"Punjab Cricket Association IS Bindra Stadium, Mohali",9,bowl,Kings XI Punjab,9,1,,,10,
9,3,14-May-18,2018,02:30 PM GMT / 08:00 PM LOCAL,"Holkar Cricket Stadium, Indore",3,bowl,Royal Challengers Bangalore,3,1,,,10,
2,4,19-Apr-08,2008,03:00 PM GMT / 08:30 PM LOCAL,"Arun Jaitley Stadium, Delhi",4,bat,Delhi Capitals,2,0,,,9,29
1,2,22-Apr-08,2008,02:30 PM GMT / 08:00 PM LOCAL,"Rajiv Gandhi International Stadium, Hyderabad",1,bat,Delhi Capitals,2,0,,,9,42
6,8,26-Apr-08,2008,10:30 AM GMT / 04:00 PM LOCAL,"MA Chidambaram Stadium, Chennai",8,bat,Chennai Super Kings,6,0,,,9,18
9,3,12-May-08,2008,02:30 PM GMT / 08:00 PM LOCAL,"Punjab Cricket Association IS Bindra Stadium, Mohali",3,bat,Kings XI Punjab,9,0,,,9,26
5,6,14-May-08,2008,02:30 PM GMT / 08:00 PM LOCAL,"Wankhede Stadium, Mumbai",5,bowl,Mumbai Indians,5,1,,,9,37
3,5,28-May-08,2008,10:30 AM GMT / 04:00 PM LOCAL,"M.Chinnaswamy Stadium, Bengaluru",5,bowl,Mumbai Indians,5,1,,,9,12
6,9,31-May-08,2008,02:30 PM GMT / 08:00 PM LOCAL,"Wankhede Stadium, Mumbai",9,bat,Chennai Super Kings,6,0,,,9,31
3,5,3-May-09,2009,02:45 PM GMT / 04:45 PM LOCAL,"The Wanderers Stadium, Johannesburg",5,bat,Royal Challengers Bangalore,3,0,,,9,11
2,8,5-May-09,2009,02:30 PM GMT / 04:30 PM LOCAL,"Kingsmead, Durban",8,bat,Delhi Capitals,2,0,,,9,6
4,9,7-Apr-10,2010,10:30 AM GMT / 04:00 PM LOCAL,"Sawai Mansingh Stadium, Jaipur",9,bat,Rajasthan Royals,4,0,,,9,30
6,8,13-Apr-10,2010,02:30 PM GMT / 08:00 PM LOCAL,"MA Chidambaram Stadium, Chennai",8,bat,Chennai Super Kings,6,0,,,9,39
8,5,19-Apr-10,2010,02:30 PM GMT / 08:00 PM LOCAL,"Eden Gardens, Kolkata",5,bat,Kolkata Knight Riders,8,0,,,9,15
3,1,24-Apr-10,2010,02:30 PM GMT / 08:00 PM LOCAL,"Dr DY Patil Sports Academy, Mumbai",1,bat,Royal Challengers Bangalore,3,0,,,9,37
3,5,12-Apr-11,2011,02:30 PM GMT / 08:00 PM LOCAL,"M.Chinnaswamy Stadium, Bengaluru",5,bowl,Mumbai Indians,5,1,,,9,
4,8,15-Apr-11,2011,10:30 AM GMT / 04:00 PM LOCAL,"Sawai Mansingh Stadium, Jaipur",8,bowl,Kolkata Knight Riders,8,1,,,9,
8,3,22-Apr-11,2011,10:30 AM GMT / 04:00 PM LOCAL,"Eden Gardens, Kolkata",3,bowl,Royal Challengers Bangalore,3,1,,,9,
3,11,8-May-11,2011,10:30 AM GMT / 04:00 PM LOCAL,"M.Chinnaswamy Stadium, Bengaluru",11,bat,Royal Challengers Bangalore,3,0,,,9,
4,3,11-May-11,2011,02:30 PM GMT / 08:00 PM LOCAL,"Sawai Mansingh Stadium, Jaipur",3,bowl,Royal Challengers Bangalore,3,1,,,9,
5,3,9-May-12,2012,02:30 PM GMT / 08:00 PM LOCAL,"Wankhede Stadium, Mumbai",3,bowl,Royal Challengers Bangalore,3,1,,,9,
1,2,10-May-12,2012,10:30 AM GMT / 04:00 PM LOCAL,"Rajiv Gandhi International Stadium, Hyderabad",1,bat,Delhi Capitals,2,0,,,9,
6,2,12-May-12,2012,02:30 PM GMT / 08:00 PM LOCAL,"MA Chidambaram Stadium, Chennai",6,bowl,Chennai Super Kings,6,1,,,9,
2,5,21-Apr-13,2013,10:30 AM GMT / 04:00 PM LOCAL,"Arun Jaitley Stadium, Delhi",5,bat,Delhi Capitals,2,0,,,9,
4,2,7-May-13,2013,10:30 AM GMT / 04:00 PM LOCAL,"Sawai Mansingh Stadium, Jaipur",2,bat,Rajasthan Royals,4,0,,,9,
9,8,11-May-14,2014,10:30 AM GMT / 04:00 PM LOCAL,"Barabati Stadium, Cuttack",8,bowl,Kolkata Knight Riders,8,1,,,9,
4,3,24-Apr-15,2015,02:30 PM GMT / 08:00 PM LOCAL,"Sardar Patel Stadium, Ahmedabad",3,bowl,Royal Challengers Bangalore,3,1,,,9,
2,9,1-May-15,2015,10:30 AM GMT / 04:00 PM LOCAL,"Arun Jaitley Stadium, Delhi",2,bowl,Delhi Capitals,2,1,,,9,
7,5,17-May-15,2015,02:30 PM GMT / 08:00 PM LOCAL,"Rajiv Gandhi International Stadium, Hyderabad",7,bat,Mumbai Indians,5,0,,,9,
5,10,9-Apr-16,2016,02:30 PM GMT / 08:00 PM LOCAL,"Wankhede Stadium, Mumbai",5,bat,Rising Pune Supergiants,10,0,,,9,
8,2,10-Apr-16,2016,02:30 PM GMT / 08:00 PM LOCAL,"Eden Gardens, Kolkata",8,bowl,Kolkata Knight Riders,8,1,,,9,
8,3,16-May-16,2016,02:30 PM GMT / 08:00 PM LOCAL,"Eden Gardens, Kolkata",3,bowl,Royal Challengers Bangalore,3,1,,,9,
7,13,9-Apr-17,2017,10:30 AM GMT / 04:00 PM LOCAL,"Rajiv Gandhi International Stadium, Hyderabad",7,bowl,Sunrisers Hyderabad,7,1,,,9,
10,9,14-May-17,2017,10:30 AM GMT / 04:00 PM LOCAL,"Maharashtra Cricket Association Stadium, Pune",10,bowl,Rising Pune Supergiants,10,1,,,9,
7,4,9-Apr-18,2018,02:30 PM GMT / 08:00 PM LOCAL,"Rajiv Gandhi International Stadium, Hyderabad",7,bowl,Sunrisers Hyderabad,7,1,,,9,
8,9,21-Apr-18,2018,10:30 AM GMT / 04:00 PM LOCAL,"Eden Gardens, Kolkata",9,bowl,Kings XI Punjab,9,1,,,9,
2,7,10-May-18,2018,02:30 PM GMT / 08:00 PM LOCAL,"Arun Jaitley Stadium, Delhi",2,bat,Sunrisers Hyderabad,7,0,,,9,
7,8,21-Apr-19,2019,10:30 AM GMT / 04:00 PM LOCAL,"Rajiv Gandhi International Stadium, Hyderabad",7,bowl,Sunrisers Hyderabad,7,1,,,9,
5,8,5-May-19,2019,02:30 PM GMT / 08:00 PM LOCAL,"Wankhede Stadium, Mumbai",5,bowl,Mumbai Indians,5,1,,,9,
6,2,2-May-08,2008,02:30 PM GMT / 08:00 PM LOCAL,"MA Chidambaram Stadium, Chennai",6,bat,Delhi Capitals,2,0,,,8,6
4,6,4-May-08,2008,02:30 PM GMT / 08:00 PM LOCAL,"Sawai Mansingh Stadium, Jaipur",6,bat,Rajasthan Royals,4,0,,,8,34
4,1,9-May-08,2008,02:30 PM GMT / 08:00 PM LOCAL,"Sawai Mansingh Stadium, Jaipur",4,bowl,Rajasthan Royals,4,1,,,8,24
5,8,16-May-08,2008,02:30 PM GMT / 08:00 PM LOCAL,"Wankhede Stadium, Mumbai",5,bowl,Mumbai Indians,5,1,,,8,87
1,8,19-Apr-09,2009,04:50 PM GMT / 06:50 PM LOCAL,"Newlands, Cape Town",8,bat,Deccan Chargers,1,0,,,8,41
9,5,12-May-09,2009,02:30 PM GMT / 04:30 PM LOCAL,"SuperSport Park, Centurion",9,bat,Mumbai Indians,5,0,,,8,22
3,9,16-Mar-10,2010,10:30 AM GMT / 04:00 PM LOCAL,"M.Chinnaswamy Stadium, Bengaluru",9,bat,Royal Challengers Bangalore,3,0,,,8,7
4,1,26-Mar-10,2010,02:30 PM GMT / 08:00 PM LOCAL,"Sardar Patel Stadium, Ahmedabad",1,bat,Rajasthan Royals,4,0,,,8,26
8,9,4-Apr-10,2010,10:30 AM GMT / 04:00 PM LOCAL,"Eden Gardens, Kolkata",8,bat,Kings XI Punjab,9,0,,,8,10
8,4,17-Apr-10,2010,02:30 PM GMT / 08:00 PM LOCAL,"Eden Gardens, Kolkata",4,bat,Kolkata Knight Riders,8,0,,,8,23
1,4,9-Apr-11,2011,10:30 AM GMT / 04:00 PM LOCAL,"Rajiv Gandhi International Stadium, Hyderabad",4,bowl,Rajasthan Royals,4,1,,,8,
2,5,10-Apr-11,2011,10:30 AM GMT / 04:00 PM LOCAL,"Arun Jaitley Stadium, Delhi",2,bat,Mumbai Indians,5,0,,,8,
5,11,15-Apr-11,2011,02:30 PM GMT / 08:00 PM LOCAL,"Wankhede Stadium, Mumbai",11,bowl,Kochi Tuskers Kerala,11,1,,,8,
1,9,16-Apr-11,2011,02:30 PM GMT / 08:00 PM LOCAL,"Rajiv Gandhi International Stadium, Hyderabad",9,bowl,Kings XI Punjab,9,1,,,8,
8,4,17-Apr-11,2011,02:30 PM GMT / 08:00 PM LOCAL,"Eden Gardens, Kolkata",8,bowl,Kolkata Knight Riders,8,1,,,8,
4,11,24-Apr-11,2011,02:30 PM GMT / 08:00 PM LOCAL,"Sawai Mansingh Stadium, Jaipur",4,bowl,Rajasthan Royals,4,1,,,8,
12,6,27-Apr-11,2011,10:30 AM GMT / 04:00 PM LOCAL,"Dr DY Patil Sports Academy, Mumbai",12,bat,Chennai Super Kings,6,0,,,8,
8,9,30-Apr-11,2011,02:30 PM GMT / 08:00 PM LOCAL,"Eden Gardens, Kolkata",8,bowl,Kolkata Knight Riders,8,1,,,8,
6,4,4-May-11,2011,10:30 AM GMT / 04:00 PM LOCAL,"MA Chidambaram Stadium, Chennai",4,bat,Chennai Super Kings,6,0,,,8,
11,4,15-May-11,2011,02:30 PM GMT / 08:00 PM LOCAL,"Holkar Cricket Stadium, Indore",11,bowl,Kochi Tuskers Kerala,11,1,,,8,
3,6,22-May-11,2011,10:30 AM GMT / 04:00 PM LOCAL,"M.Chinnaswamy Stadium, Bengaluru",3,bowl,Royal Challengers Bangalore,3,1,,,8,
6,5,4-Apr-12,2012,02:30 PM GMT / 08:00 PM LOCAL,"MA Chidambaram Stadium, Chennai",5,bowl,Mumbai Indians,5,1,,,8,
8,2,5-Apr-12,2012,02:30 PM GMT / 08:00 PM LOCAL,"Eden Gardens, Kolkata",2,bowl,Delhi Capitals,2,1,,,8,
2,6,10-Apr-12,2012,02:30 PM GMT / 08:00 PM LOCAL,"Arun Jaitley Stadium, Delhi",2,bowl,Delhi Capitals,2,1,,,8,
9,8,18-Apr-12,2012,02:30 PM GMT / 08:00 PM LOCAL,"Punjab Cricket Association IS Bindra Stadium, Mohali",9,bat,Kolkata Knight Riders,8,0,,,8,
12,2,24-Apr-12,2012,10:30 AM GMT / 04:00 PM LOCAL,"Maharashtra Cricket Association Stadium, Pune",12,bat,Delhi Capitals,2,0,,,8,
12,9,7-Apr-13,2013,10:30 AM GMT / 04:00 PM LOCAL,"Maharashtra Cricket Association Stadium, Pune",12,bat,Kings XI Punjab,9,0,,,8,
3,8,11-Apr-13,2013,10:30 AM GMT / 04:00 PM LOCAL,"M.Chinnaswamy Stadium, Bengaluru",3,bowl,Royal Challengers Bangalore,3,1,,,8,
4,7,27-Apr-13,2013,10:30 AM GMT / 04:00 PM LOCAL,"Sawai Mansingh Stadium, Jaipur",7,bat,Rajasthan Royals,4,0,,,8,
8,4,3-May-13,2013,02:30 PM GMT / 08:00 PM LOCAL,"Eden Gardens, Kolkata",4,bat,Kolkata Knight Riders,8,0,,,8,
9,4,9-May-13,2013,10:30 AM GMT / 04:00 PM LOCAL,"Punjab Cricket Association IS Bindra Stadium, Mohali",4,bowl,Rajasthan Royals,4,1,,,8,
2,3,17-Apr-14,2014,02:30 PM GMT / 06:30 PM LOCAL,"Sharjah Cricket Stadium, Sharjah",3,bowl,Royal Challengers Bangalore,3,1,,,8,
2,6,5-May-14,2014,02:30 PM GMT / 08:00 PM LOCAL,"Arun Jaitley Stadium, Delhi",6,bowl,Chennai Super Kings,6,1,,,8,
2,8,7-May-14,2014,10:30 AM GMT / 04:00 PM LOCAL,"Arun Jaitley Stadium, Delhi",2,bat,Kolkata Knight Riders,8,0,,,8,
2,7,10-May-14,2014,10:30 AM GMT / 04:00 PM LOCAL,"Arun Jaitley Stadium, Delhi",7,bowl,Sunrisers Hyderabad,7,1,,,8,
8,6,20-May-14,2014,02:30 PM GMT / 08:00 PM LOCAL,"Eden Gardens, Kolkata",8,bowl,Kolkata Knight Riders,8,1,,,8,
3,6,24-May-14,2014,10:30 AM GMT / 04:00 PM LOCAL,"M.Chinnaswamy Stadium, Bengaluru",6,bowl,Chennai Super Kings,6,1,,,8,
3,7,13-Apr-15,2015,02:30 PM GMT / 08:00 PM LOCAL,"M.Chinnaswamy Stadium, Bengaluru",7,bowl,Sunrisers Hyderabad,7,1,,,8,
4,6,19-Apr-15,2015,10:30 AM GMT / 04:00 PM LOCAL,"Sardar Patel Stadium, Ahmedabad",6,bat,Rajasthan Royals,4,0,,,8,
2,9,15-Apr-16,2016,02:30 PM GMT / 08:00 PM LOCAL,"Arun Jaitley Stadium, Delhi",2,bowl,Delhi Capitals,2,1,,,8,
7,8,16-Apr-16,2016,10:30 AM GMT / 04:00 PM LOCAL,"Rajiv Gandhi International Stadium, Hyderabad",7,bat,Kolkata Knight Riders,8,0,,,8,
10,5,1-May-16,2016,02:30 PM GMT / 08:00 PM LOCAL,"Maharashtra Cricket Association Stadium, Pune",5,bowl,Mumbai Indians,5,1,,,8,
13,2,3-May-16,2016,02:30 PM GMT / 08:00 PM LOCAL,"Saurashtra Cricket Association Stadium, Rajkot",2,bowl,Delhi Capitals,2,1,,,8,
8,10,14-May-16,2016,02:30 PM GMT / 08:00 PM LOCAL,"Eden Gardens, Kolkata",10,bat,Kolkata Knight Riders,8,0,,,8,
9,3,10-Apr-17,2017,02:30 PM GMT / 08:00 PM LOCAL,"Holkar Cricket Stadium, Indore",3,bat,Kings XI Punjab,9,0,,,8,
8,9,13-Apr-17,2017,02:30 PM GMT / 08:00 PM LOCAL,"Eden Gardens, Kolkata",8,bowl,Kolkata Knight Riders,8,1,,,8,
9,5,20-Apr-17,2017,02:30 PM GMT / 08:00 PM LOCAL,"Holkar Cricket Stadium, Indore",5,bowl,Mumbai Indians,5,1,,,8,
13,7,13-May-17,2017,10:30 AM GMT / 04:00 PM LOCAL,"Green Park, Kanpur",7,bowl,Sunrisers Hyderabad,7,1,,,8,
6,5,28-Apr-18,2018,02:30 PM GMT / 08:00 PM LOCAL,"Maharashtra Cricket Association Stadium, Pune",5,bowl,Mumbai Indians,5,1,,,8,
6,7,13-May-18,2018,10:30 AM GMT / 04:00 PM LOCAL,"Maharashtra Cricket Association Stadium, Pune",6,bowl,Chennai Super Kings,6,1,,,8,
6,7,27-May-18,2018,01:30 PM GMT / 07:00 PM LOCAL,"Wankhede Stadium, Mumbai",6,bowl,Chennai Super Kings,6,1,,,8,
9,5,30-Mar-19,2019,10:30 AM GMT / 04:00 PM LOCAL,"Punjab Cricket Association IS Bindra Stadium, Mohali",9,bowl,Kings XI Punjab,9,1,,,8,
4,8,7-Apr-19,2019,02:30 PM GMT / 08:00 PM LOCAL,"Sawai Mansingh Stadium, Jaipur",8,bowl,Kolkata Knight Riders,8,1,,,8,
9,3,13-Apr-19,2019,02:30 PM GMT / 08:00 PM LOCAL,"Punjab Cricket Association IS Bindra Stadium, Mohali",3,bowl,Royal Challengers Bangalore,3,1,,,8,
3,4,26-Apr-08,2008,02:30 PM GMT / 08:00 PM LOCAL,"M.Chinnaswamy Stadium, Bengaluru",4,bowl,Rajasthan Royals,4,1,,,7,17
8,5,29-Apr-08,2008,02:30 PM GMT / 08:00 PM LOCAL,"Eden Gardens, Kolkata",8,bat,Mumbai Indians,5,0,,,7,8
1,9,1-May-08,2008,02:30 PM GMT / 08:00 PM LOCAL,"Rajiv Gandhi International Stadium, Hyderabad",9,bowl,Kings XI Punjab,9,1,,,7,7
6,1,6-May-08,2008,02:30 PM GMT / 08:00 PM LOCAL,"MA Chidambaram Stadium, Chennai",1,bowl,Deccan Chargers,1,1,,,7,12
5,4,7-May-08,2008,02:30 PM GMT / 08:00 PM LOCAL,"Dr DY Patil Sports Academy, Mumbai",5,bowl,Mumbai Indians,5,1,,,7,29
1,6,27-May-08,2008,02:30 PM GMT / 08:00 PM LOCAL,"Rajiv Gandhi International Stadium, Hyderabad",1,bat,Chennai Super Kings,6,0,,,7,4
3,9,24-Apr-09,2009,02:30 PM GMT / 04:30 PM LOCAL,"Kingsmead, Durban",3,bat,Kings XI Punjab,9,0,,,7,6
3,4,7-May-09,2009,10:30 AM GMT / 12:30 PM LOCAL,"SuperSport Park, Centurion",4,bowl,Rajasthan Royals,4,1,,,7,30
2,5,8-May-09,2009,02:30 PM GMT / 04:30 PM LOCAL,"Buffalo Park, East London",5,bat,Delhi Capitals,2,0,,,7,7
6,4,9-May-09,2009,02:30 PM GMT / 04:30 PM LOCAL,"Diamond Oval, Kimberley",4,bat,Chennai Super Kings,6,0,,,7,10
2,8,10-May-09,2009,02:45 PM GMT / 04:45 PM LOCAL,"The Wanderers Stadium, Johannesburg",2,bowl,Delhi Capitals,2,1,,,7,17
6,5,16-May-09,2009,10:30 AM GMT / 12:30 PM LOCAL,"St George's Park, Port Elizabeth",5,bat,Chennai Super Kings,6,0,,,7,5
6,8,18-May-09,2009,02:30 PM GMT / 04:30 PM LOCAL,"SuperSport Park, Centurion",6,bat,Kolkata Knight Riders,8,0,,,7,0
3,2,19-May-09,2009,02:30 PM GMT / 04:30 PM LOCAL,"The Wanderers Stadium, Johannesburg",2,bat,Royal Challengers Bangalore,3,0,,,7,6
8,3,14-Mar-10,2010,10:30 AM GMT / 04:00 PM LOCAL,"Eden Gardens, Kolkata",8,bowl,Kolkata Knight Riders,8,1,,,7,4
5,3,20-Mar-10,2010,02:30 PM GMT / 08:00 PM LOCAL,"Brabourne Stadium, Mumbai",5,bat,Royal Challengers Bangalore,3,0,,,7,5
5,8,22-Mar-10,2010,02:30 PM GMT / 08:00 PM LOCAL,"Brabourne Stadium, Mumbai",8,bat,Mumbai Indians,5,0,,,7,9
3,1,8-Apr-10,2010,02:30 PM GMT / 08:00 PM LOCAL,"M.Chinnaswamy Stadium, Bengaluru",1,bowl,Deccan Chargers,1,1,,,7,4
3,8,10-Apr-10,2010,02:30 PM GMT / 08:00 PM LOCAL,"M.Chinnaswamy Stadium, Bengaluru",3,bowl,Royal Challengers Bangalore,3,1,,,7,17
2,9,11-Apr-10,2010,10:30 AM GMT / 04:00 PM LOCAL,"Arun Jaitley Stadium, Delhi",2,bat,Kings XI Punjab,9,0,,,7,8
12,9,10-Apr-11,2011,02:30 PM GMT / 08:00 PM LOCAL,"Dr DY Patil Sports Academy, Mumbai",9,bat,Pune Warriors,12,0,,,7,
11,6,18-Apr-11,2011,02:30 PM GMT / 08:00 PM LOCAL,"Nehru Stadium, Kochi",11,bowl,Kochi Tuskers Kerala,11,1,,,7,
5,12,20-Apr-11,2011,10:30 AM GMT / 04:00 PM LOCAL,"Wankhede Stadium, Mumbai",12,bat,Mumbai Indians,5,0,,,7,
4,5,29-Apr-11,2011,10:30 AM GMT / 04:00 PM LOCAL,"Sawai Mansingh Stadium, Jaipur",4,bowl,Rajasthan Royals,4,1,,,7,
2,11,2-May-11,2011,02:30 PM GMT / 08:00 PM LOCAL,"Arun Jaitley Stadium, Delhi",11,bowl,Kochi Tuskers Kerala,11,1,,,7,
12,8,19-May-11,2011,02:30 PM GMT / 08:00 PM LOCAL,"Dr DY Patil Sports Academy, Mumbai",8,bowl,Kolkata Knight Riders,8,1,,,7,
9,12,12-Apr-12,2012,02:30 PM GMT / 08:00 PM LOCAL,"Punjab Cricket Association IS Bindra Stadium, Mohali",9,bowl,Kings XI Punjab,9,1,,,7,
12,6,14-Apr-12,2012,02:30 PM GMT / 08:00 PM LOCAL,"Maharashtra Cricket Association Stadium, Pune",6,bat,Pune Warriors,12,0,,,7,
5,2,16-Apr-12,2012,02:30 PM GMT / 08:00 PM LOCAL,"Wankhede Stadium, Mumbai",2,bowl,Delhi Capitals,2,1,,,7,
6,4,21-Apr-12,2012,10:30 AM GMT / 04:00 PM LOCAL,"MA Chidambaram Stadium, Chennai",4,bat,Chennai Super Kings,6,0,,,7,
12,4,8-May-12,2012,10:30 AM GMT / 04:00 PM LOCAL,"Maharashtra Cricket Association Stadium, Pune",12,bat,Rajasthan Royals,4,0,,,7,
3,7,9-Apr-13,2013,10:30 AM GMT / 04:00 PM LOCAL,"M.Chinnaswamy Stadium, Bengaluru",7,bat,Royal Challengers Bangalore,3,0,,,7,
12,4,11-Apr-13,2013,02:30 PM GMT / 08:00 PM LOCAL,"Maharashtra Cricket Association Stadium, Pune",4,bat,Pune Warriors,12,0,,,7,
3,4,20-Apr-13,2013,02:30 PM GMT / 08:00 PM LOCAL,"M.Chinnaswamy Stadium, Bengaluru",3,bowl,Royal Challengers Bangalore,3,1,,,7,
9,12,21-Apr-13,2013,02:30 PM GMT / 08:00 PM LOCAL,"Punjab Cricket Association IS Bindra Stadium, Mohali",9,bowl,Kings XI Punjab,9,1,,,7,
7,5,1-May-13,2013,10:30 AM GMT / 04:00 PM LOCAL,"Rajiv Gandhi International Stadium, Hyderabad",5,bat,Sunrisers Hyderabad,7,0,,,7,
2,8,1-May-13,2013,02:30 PM GMT / 08:00 PM LOCAL,"Shaheed Veer Narayan Singh International Stadium, Raipur",8,bat,Delhi Capitals,2,0,,,7,
5,7,13-May-13,2013,02:30 PM GMT / 08:00 PM LOCAL,"Wankhede Stadium, Mumbai",7,bat,Mumbai Indians,5,0,,,7,
3,9,14-May-13,2013,10:30 AM GMT / 04:00 PM LOCAL,"M.Chinnaswamy Stadium, Bengaluru",9,bowl,Kings XI Punjab,9,1,,,7,
3,5,19-Apr-14,2014,10:30 AM GMT / 02:30 PM LOCAL,"Dubai International Cricket Stadium , Dubai",3,bowl,Royal Challengers Bangalore,3,1,,,7,
4,9,20-Apr-14,2014,02:30 PM GMT / 06:30 PM LOCAL,"Sharjah Cricket Stadium, Sharjah",9,bowl,Kings XI Punjab,9,1,,,7,
6,5,25-Apr-14,2014,02:30 PM GMT / 06:30 PM LOCAL,"Dubai International Cricket Stadium , Dubai",5,bat,Chennai Super Kings,6,0,,,7,
2,4,3-May-14,2014,02:30 PM GMT / 08:00 PM LOCAL,"Arun Jaitley Stadium, Delhi",4,bowl,Rajasthan Royals,4,1,,,7,
7,5,12-May-14,2014,02:30 PM GMT / 08:00 PM LOCAL,"Rajiv Gandhi International Stadium, Hyderabad",7,bat,Mumbai Indians,5,0,,,7,
7,8,18-May-14,2014,02:30 PM GMT / 08:00 PM LOCAL,"Rajiv Gandhi International Stadium, Hyderabad",7,bat,Kolkata Knight Riders,8,0,,,7,
7,3,20-May-14,2014,10:30 AM GMT / 04:00 PM LOCAL,"Rajiv Gandhi International Stadium, Hyderabad",3,bat,Sunrisers Hyderabad,7,0,,,7,
9,5,21-May-14,2014,02:30 PM GMT / 08:00 PM LOCAL,"Punjab Cricket Association IS Bindra Stadium, Mohali",5,bowl,Mumbai Indians,5,1,,,7,
9,2,25-May-14,2014,10:30 AM GMT / 04:00 PM LOCAL,"Punjab Cricket Association IS Bindra Stadium, Mohali",9,bowl,Kings XI Punjab,9,1,,,7,
6,5,28-May-14,2014,02:30 PM GMT / 08:00 PM LOCAL,"Brabourne Stadium, Mumbai",6,bowl,Chennai Super Kings,6,1,,,7,
8,5,8-Apr-15,2015,02:30 PM GMT / 08:00 PM LOCAL,"Eden Gardens, Kolkata",8,bowl,Kolkata Knight Riders,8,1,,,7,
4,5,14-Apr-15,2015,02:30 PM GMT / 08:00 PM LOCAL,"Sardar Patel Stadium, Ahmedabad",5,bat,Rajasthan Royals,4,0,,,7,
8,6,30-Apr-15,2015,02:30 PM GMT / 08:00 PM LOCAL,"Eden Gardens, Kolkata",8,bowl,Kolkata Knight Riders,8,1,,,7,
3,8,2-May-15,2015,10:30 AM GMT / 04:00 PM LOCAL,"M.Chinnaswamy Stadium, Bengaluru",3,bowl,Royal Challengers Bangalore,3,1,,,7,
9,6,16-May-15,2015,10:30 AM GMT / 04:00 PM LOCAL,"Punjab Cricket Association IS Bindra Stadium, Mohali",9,bat,Chennai Super Kings,6,0,,,7,
13,10,14-Apr-16,2016,02:30 PM GMT / 08:00 PM LOCAL,"Saurashtra Cricket Association Stadium, Rajkot",10,bat,Gujarat Lions,13,0,,,7,
3,2,17-Apr-16,2016,02:30 PM GMT / 08:00 PM LOCAL,"M.Chinnaswamy Stadium, Bengaluru",2,bowl,Delhi Capitals,2,1,,,7,
7,5,18-Apr-16,2016,02:30 PM GMT / 08:00 PM LOCAL,"Rajiv Gandhi International Stadium, Hyderabad",7,bowl,Sunrisers Hyderabad,7,1,,,7,
2,10,5-May-16,2016,02:30 PM GMT / 08:00 PM LOCAL,"Arun Jaitley Stadium, Delhi",10,bowl,Rising Pune Supergiants,10,1,,,7,
3,10,7-May-16,2016,10:30 AM GMT / 04:00 PM LOCAL,"M.Chinnaswamy Stadium, Bengaluru",3,bowl,Royal Challengers Bangalore,3,1,,,7,
7,2,12-May-16,2016,02:30 PM GMT / 08:00 PM LOCAL,"Rajiv Gandhi International Stadium, Hyderabad",2,bowl,Delhi Capitals,2,1,,,7,
5,9,13-May-16,2016,02:30 PM GMT / 08:00 PM LOCAL,"Dr. Y.S. Rajasekhara Reddy ACA-VDCA Cricket Stadium, Visakhapatnam",5,bat,Kings XI Punjab,9,0,,,7,
9,7,15-May-16,2016,10:30 AM GMT / 04:00 PM LOCAL,"Punjab Cricket Association IS Bindra Stadium, Mohali",9,bat,Sunrisers Hyderabad,7,0,,,7,
10,5,6-Apr-17,2017,02:30 PM GMT / 08:00 PM LOCAL,"Maharashtra Cricket Association Stadium, Pune",10,bowl,Rising Pune Supergiants,10,1,,,7,
13,10,14-Apr-17,2017,02:30 PM GMT / 08:00 PM LOCAL,"Saurashtra Cricket Association Stadium, Rajkot",13,bowl,Gujarat Lions,13,1,,,7,
10,8,26-Apr-17,2017,02:30 PM GMT / 08:00 PM LOCAL,"Maharashtra Cricket Association Stadium, Pune",8,bowl,Kolkata Knight Riders,8,1,,,7,
3,13,27-Apr-17,2017,02:30 PM GMT / 08:00 PM LOCAL,"M.Chinnaswamy Stadium, Bengaluru",13,bowl,Gujarat Lions,13,1,,,7,
8,2,28-Apr-17,2017,10:30 AM GMT / 04:00 PM LOCAL,"Eden Gardens, Kolkata",8,bowl,Kolkata Knight Riders,8,1,,,7,
2,13,4-May-17,2017,02:30 PM GMT / 08:00 PM LOCAL,"Arun Jaitley Stadium, Delhi",2,bowl,Delhi Capitals,2,1,,,7,
7,5,8-May-17,2017,02:30 PM GMT / 08:00 PM LOCAL,"Rajiv Gandhi International Stadium, Hyderabad",5,bat,Sunrisers Hyderabad,7,0,,,7,
7,8,17-May-17,2017,02:30 PM GMT / 08:00 PM LOCAL,"M.Chinnaswamy Stadium, Bengaluru",8,bowl,Kolkata Knight Riders,8,1,,,7,
5,2,14-Apr-18,2018,10:30 AM GMT / 04:00 PM LOCAL,"Wankhede Stadium, Mumbai",2,bowl,Delhi Capitals,2,1,,,7,
4,8,18-Apr-18,2018,02:30 PM GMT / 08:00 PM LOCAL,"Sawai Mansingh Stadium, Jaipur",8,bowl,Kolkata Knight Riders,8,1,,,7,
7,2,5-May-18,2018,02:30 PM GMT / 08:00 PM LOCAL,"Rajiv Gandhi International Stadium, Hyderabad",2,bat,Sunrisers Hyderabad,7,0,,,7,
5,4,13-May-18,2018,02:30 PM GMT / 08:00 PM LOCAL,"Wankhede Stadium, Mumbai",4,bowl,Rajasthan Royals,4,1,,,7,
6,3,23-Mar-19,2019,02:30 PM GMT / 08:00 PM LOCAL,"MA Chidambaram Stadium, Chennai",6,bowl,Chennai Super Kings,6,1,,,7,
4,3,2-Apr-19,2019,02:30 PM GMT / 08:00 PM LOCAL,"Sawai Mansingh Stadium, Jaipur",4,bowl,Rajasthan Royals,4,1,,,7,
6,8,9-Apr-19,2019,02:30 PM GMT / 08:00 PM LOCAL,"MA Chidambaram Stadium, Chennai",6,bowl,Chennai Super Kings,6,1,,,7,
8,2,12-Apr-19,2019,02:30 PM GMT / 08:00 PM LOCAL,"Eden Gardens, Kolkata",2,bowl,Delhi Capitals,2,1,,,7,
4,7,27-Apr-19,2019,02:30 PM GMT / 08:00 PM LOCAL,"Sawai Mansingh Stadium, Jaipur",4,bowl,Rajasthan Royals,4,1,,,7,
9,8,3-May-19,2019,02:30 PM GMT / 08:00 PM LOCAL,"Punjab Cricket Association IS Bindra Stadium, Mohali",8,bowl,Kolkata Knight Riders,8,1,,,7,
4,9,21-Apr-08,2008,02:30 PM GMT / 08:00 PM LOCAL,"Sawai Mansingh Stadium, Jaipur",9,bat,Rajasthan Royals,4,0,,,6,11
3,9,5-May-08,2008,02:30 PM GMT / 08:00 PM LOCAL,"M.Chinnaswamy Stadium, Bengaluru",9,bowl,Kings XI Punjab,9,1,,,6,10
8,4,20-May-08,2008,02:30 PM GMT / 08:00 PM LOCAL,"Eden Gardens, Kolkata",4,bowl,Rajasthan Royals,4,1,,,6,21
9,1,23-May-08,2008,02:30 PM GMT / 08:00 PM LOCAL,"Punjab Cricket Association IS Bindra Stadium, Mohali",9,bowl,Kings XI Punjab,9,1,,,6,3
3,2,26-Apr-09,2009,10:30 AM GMT / 12:30 PM LOCAL,"St George's Park, Port Elizabeth",3,bat,Delhi Capitals,2,0,,,6,4
6,1,27-Apr-09,2009,10:30 AM GMT / 12:30 PM LOCAL,"Kingsmead, Durban",1,bowl,Deccan Chargers,1,1,,,6,3
1,2,30-Apr-09,2009,10:30 AM GMT / 12:30 PM LOCAL,"SuperSport Park, Centurion",2,bowl,Delhi Capitals,2,1,,,6,8
9,8,3-May-09,2009,10:30 AM GMT / 12:30 PM LOCAL,"St George's Park, Port Elizabeth",8,bat,Kings XI Punjab,9,0,,,6,0
3,8,12-May-09,2009,10:30 AM GMT / 12:30 PM LOCAL,"SuperSport Park, Centurion",3,bowl,Royal Challengers Bangalore,3,1,,,6,4
2,9,15-May-09,2009,02:30 PM GMT / 04:30 PM LOCAL,"Mangaung Oval, Bloemfontein",9,bowl,Kings XI Punjab,9,1,,,6,5
1,8,16-May-09,2009,02:45 PM GMT / 04:45 PM LOCAL,"The Wanderers Stadium, Johannesburg",1,bowl,Deccan Chargers,1,1,,,6,0
2,1,22-May-09,2009,02:30 PM GMT / 04:30 PM LOCAL,"SuperSport Park, Centurion",1,bowl,Deccan Chargers,1,1,,,6,14
3,6,23-May-09,2009,02:30 PM GMT / 04:30 PM LOCAL,"The Wanderers Stadium, Johannesburg",3,bowl,Royal Challengers Bangalore,3,1,,,6,7
4,2,15-Mar-10,2010,02:30 PM GMT / 08:00 PM LOCAL,"Sardar Patel Stadium, Ahmedabad",2,bowl,Delhi Capitals,2,1,,,6,17
9,3,2-Apr-10,2010,02:30 PM GMT / 08:00 PM LOCAL,"Punjab Cricket Association IS Bindra Stadium, Mohali",9,bat,Royal Challengers Bangalore,3,0,,,6,5
9,5,9-Apr-10,2010,02:30 PM GMT / 08:00 PM LOCAL,"Punjab Cricket Association IS Bindra Stadium, Mohali",5,bat,Kings XI Punjab,9,0,,,6,4
1,6,10-Apr-10,2010,10:30 AM GMT / 04:00 PM LOCAL,"Vidarbha Cricket Association Stadium, Nagpur",6,bat,Deccan Chargers,1,0,,,6,5
6,2,15-Apr-10,2010,02:30 PM GMT / 08:00 PM LOCAL,"MA Chidambaram Stadium, Chennai",6,bat,Delhi Capitals,2,0,,,6,8
9,6,18-Apr-10,2010,10:30 AM GMT / 04:00 PM LOCAL,"Himachal Pradesh Cricket Association Stadium, Dharamsala",6,bowl,Chennai Super Kings,6,1,,,6,2
11,3,9-Apr-11,2011,02:30 PM GMT / 08:00 PM LOCAL,"Nehru Stadium, Kochi",11,bat,Royal Challengers Bangalore,3,0,,,6,
4,2,12-Apr-11,2011,10:30 AM GMT / 04:00 PM LOCAL,"Sawai Mansingh Stadium, Jaipur",2,bat,Rajasthan Royals,4,0,,,6,
9,6,13-Apr-11,2011,10:30 AM GMT / 04:00 PM LOCAL,"Punjab Cricket Association IS Bindra Stadium, Mohali",9,bowl,Kings XI Punjab,9,1,,,6,
4,12,1-May-11,2011,10:30 AM GMT / 04:00 PM LOCAL,"Sawai Mansingh Stadium, Jaipur",4,bowl,Rajasthan Royals,4,1,,,6,
1,12,10-May-11,2011,10:30 AM GMT / 04:00 PM LOCAL,"Rajiv Gandhi International Stadium, Hyderabad",1,bat,Pune Warriors,12,0,,,6,
11,9,13-May-11,2011,02:30 PM GMT / 08:00 PM LOCAL,"Holkar Cricket Stadium, Indore",9,bowl,Kings XI Punjab,9,1,,,6,
12,1,16-May-11,2011,02:30 PM GMT / 08:00 PM LOCAL,"Dr DY Patil Sports Academy, Mumbai",1,bowl,Deccan Chargers,1,1,,,6,
3,6,24-May-11,2011,02:30 PM GMT / 08:00 PM LOCAL,"Wankhede Stadium, Mumbai",6,bowl,Chennai Super Kings,6,1,,,6,
3,12,17-Apr-12,2012,02:30 PM GMT / 08:00 PM LOCAL,"M.Chinnaswamy Stadium, Bengaluru",12,bat,Royal Challengers Bangalore,3,0,,,6,
5,9,22-Apr-12,2012,10:30 AM GMT / 04:00 PM LOCAL,"Wankhede Stadium, Mumbai",5,bat,Kings XI Punjab,9,0,,,6,
4,2,1-May-12,2012,02:30 PM GMT / 08:00 PM LOCAL,"Sawai Mansingh Stadium, Jaipur",4,bat,Delhi Capitals,2,0,,,6,
2,8,7-May-12,2012,02:30 PM GMT / 08:00 PM LOCAL,"Arun Jaitley Stadium, Delhi",2,bat,Kolkata Knight Riders,8,0,,,6,
9,6,17-May-12,2012,10:30 AM GMT / 04:00 PM LOCAL,"Himachal Pradesh Cricket Association Stadium, Dharamsala",9,bowl,Kings XI Punjab,9,1,,,6,
9,2,19-May-12,2012,10:30 AM GMT / 04:00 PM LOCAL,"Himachal Pradesh Cricket Association Stadium, Dharamsala",2,bowl,Delhi Capitals,2,1,,,6,
8,2,3-Apr-13,2013,02:30 PM GMT / 08:00 PM LOCAL,"Eden Gardens, Kolkata",8,bowl,Kolkata Knight Riders,8,1,,,6,
4,9,14-Apr-13,2013,02:30 PM GMT / 08:00 PM LOCAL,"Sawai Mansingh Stadium, Jaipur",4,bowl,Rajasthan Royals,4,1,,,6,
8,9,26-Apr-13,2013,02:30 PM GMT / 08:00 PM LOCAL,"Eden Gardens, Kolkata",9,bat,Kolkata Knight Riders,8,0,,,6,
7,2,4-May-13,2013,02:30 PM GMT / 08:00 PM LOCAL,"Rajiv Gandhi International Stadium, Hyderabad",2,bat,Sunrisers Hyderabad,7,0,,,6,
9,3,6-May-13,2013,02:30 PM GMT / 08:00 PM LOCAL,"Punjab Cricket Association IS Bindra Stadium, Mohali",9,bowl,Kings XI Punjab,9,1,,,6,
6,9,18-Apr-14,2014,10:30 AM GMT / 02:30 PM LOCAL,"Sheikh Zayed Stadium, Abu Dhabi",6,bat,Kings XI Punjab,9,0,,,6,
4,3,26-Apr-14,2014,10:30 AM GMT / 02:30 PM LOCAL,"Sheikh Zayed Stadium, Abu Dhabi",4,bowl,Rajasthan Royals,4,1,,,6,
2,5,27-Apr-14,2014,10:30 AM GMT / 02:30 PM LOCAL,"Sharjah Cricket Stadium, Sharjah",5,bat,Delhi Capitals,2,0,,,6,
7,9,14-May-14,2014,10:30 AM GMT / 04:00 PM LOCAL,"Rajiv Gandhi International Stadium, Hyderabad",9,bowl,Kings XI Punjab,9,1,,,6,
8,5,14-May-14,2014,02:30 PM GMT / 08:00 PM LOCAL,"Barabati Stadium, Cuttack",8,bowl,Kolkata Knight Riders,8,1,,,6,
6,7,22-May-14,2014,02:30 PM GMT / 08:00 PM LOCAL,"JSCA International Stadium Complex, Ranchi",7,bowl,Sunrisers Hyderabad,7,1,,,6,
7,4,16-Apr-15,2015,02:30 PM GMT / 08:00 PM LOCAL,"Dr. Y.S. Rajasekhara Reddy ACA-VDCA Cricket Stadium, Visakhapatnam",4,bowl,Rajasthan Royals,4,1,,,6,
5,6,17-Apr-15,2015,02:30 PM GMT / 08:00 PM LOCAL,"Wankhede Stadium, Mumbai",5,bat,Chennai Super Kings,6,0,,,6,
2,8,20-Apr-15,2015,02:30 PM GMT / 08:00 PM LOCAL,"Arun Jaitley Stadium, Delhi",8,bowl,Kolkata Knight Riders,8,1,,,6,
6,5,8-May-15,2015,02:30 PM GMT / 08:00 PM LOCAL,"MA Chidambaram Stadium, Chennai",6,bat,Mumbai Indians,5,0,,,6,
2,6,12-May-15,2015,02:30 PM GMT / 08:00 PM LOCAL,"Shaheed Veer Narayan Singh International Stadium, Raipur",6,bat,Delhi Capitals,2,0,,,6,
7,3,15-May-15,2015,02:30 PM GMT / 08:00 PM LOCAL,"Rajiv Gandhi International Stadium, Hyderabad",7,bat,Royal Challengers Bangalore,3,0,,,6,
8,5,13-Apr-16,2016,02:30 PM GMT / 08:00 PM LOCAL,"Eden Gardens, Kolkata",5,bowl,Mumbai Indians,5,1,,,6,
9,10,17-Apr-16,2016,10:30 AM GMT / 04:00 PM LOCAL,"Punjab Cricket Association IS Bindra Stadium, Mohali",10,bat,Kings XI Punjab,9,0,,,6,
9,8,19-Apr-16,2016,02:30 PM GMT / 08:00 PM LOCAL,"Punjab Cricket Association IS Bindra Stadium, Mohali",8,bowl,Kolkata Knight Riders,8,1,,,6,
5,3,20-Apr-16,2016,02:30 PM GMT / 08:00 PM LOCAL,"Wankhede Stadium, Mumbai",5,bowl,Mumbai Indians,5,1,,,6,
13,3,24-Apr-16,2016,10:30 AM GMT / 04:00 PM LOCAL,"Saurashtra Cricket Association Stadium, Rajkot",3,bat,Gujarat Lions,13,0,,,6,
5,8,28-Apr-16,2016,02:30 PM GMT / 08:00 PM LOCAL,"Wankhede Stadium, Mumbai",5,bowl,Mumbai Indians,5,1,,,6,
3,5,11-May-16,2016,02:30 PM GMT / 08:00 PM LOCAL,"M.Chinnaswamy Stadium, Bengaluru",5,bowl,Mumbai Indians,5,1,,,6,
13,8,19-May-16,2016,02:30 PM GMT / 08:00 PM LOCAL,"Green Park, Kanpur",13,bowl,Gujarat Lions,13,1,,,6,
2,7,20-May-16,2016,02:30 PM GMT / 08:00 PM LOCAL,"Shaheed Veer Narayan Singh International Stadium, Raipur",2,bowl,Delhi Capitals,2,1,,,6,
13,5,21-May-16,2016,02:30 PM GMT / 08:00 PM LOCAL,"Green Park, Kanpur",13,bowl,Gujarat Lions,13,1,,,6,
2,3,22-May-16,2016,02:30 PM GMT / 08:00 PM LOCAL,"Shaheed Veer Narayan Singh International Stadium, Raipur",3,bowl,Royal Challengers Bangalore,3,1,,,6,
9,10,8-Apr-17,2017,10:30 AM GMT / 04:00 PM LOCAL,"Holkar Cricket Stadium, Indore",9,bowl,Kings XI Punjab,9,1,,,6,
5,13,16-Apr-17,2017,10:30 AM GMT / 04:00 PM LOCAL,"Wankhede Stadium, Mumbai",5,bowl,Mumbai Indians,5,1,,,6,
10,7,22-Apr-17,2017,10:30 AM GMT / 04:00 PM LOCAL,"Maharashtra Cricket Association Stadium, Pune",10,bowl,Rising Pune Supergiants,10,1,,,6,
2,7,2-May-17,2017,02:30 PM GMT / 08:00 PM LOCAL,"Arun Jaitley Stadium, Delhi",2,bowl,Delhi Capitals,2,1,,,6,
3,8,7-May-17,2017,10:30 AM GMT / 04:00 PM LOCAL,"M.Chinnaswamy Stadium, Bengaluru",8,bowl,Kolkata Knight Riders,8,1,,,6,
9,13,7-May-17,2017,02:30 PM GMT / 08:00 PM LOCAL,"Punjab Cricket Association IS Bindra Stadium, Mohali",13,bowl,Gujarat Lions,13,1,,,6,
5,8,19-May-17,2017,02:30 PM GMT / 08:00 PM LOCAL,"M.Chinnaswamy Stadium, Bengaluru",5,bowl,Mumbai Indians,5,1,,,6,
9,2,8-Apr-18,2018,10:30 AM GMT / 04:00 PM LOCAL,"Punjab Cricket Association IS Bindra Stadium, Mohali",9,bowl,Kings XI Punjab,9,1,,,6,
3,2,21-Apr-18,2018,02:30 PM GMT / 08:00 PM LOCAL,"M.Chinnaswamy Stadium, Bengaluru",3,bowl,Royal Challengers Bangalore,3,1,,,6,
3,8,29-Apr-18,2018,02:30 PM GMT / 08:00 PM LOCAL,"M.Chinnaswamy Stadium, Bengaluru",8,bowl,Kolkata Knight Riders,8,1,,,6,
8,6,3-May-18,2018,02:30 PM GMT / 08:00 PM LOCAL,"Eden Gardens, Kolkata",8,bowl,Kolkata Knight Riders,8,1,,,6,
9,5,4-May-18,2018,02:30 PM GMT / 08:00 PM LOCAL,"Holkar Cricket Stadium, Indore",5,bowl,Mumbai Indians,5,1,,,6,
6,3,5-May-18,2018,10:30 AM GMT / 04:00 PM LOCAL,"Maharashtra Cricket Association Stadium, Pune",6,bowl,Chennai Super Kings,6,1,,,6,
9,4,6-May-18,2018,02:30 PM GMT / 08:00 PM LOCAL,"Holkar Cricket Stadium, Indore",9,bowl,Kings XI Punjab,9,1,,,6,
8,4,15-May-18,2018,02:30 PM GMT / 08:00 PM LOCAL,"Eden Gardens, Kolkata",8,bowl,Kolkata Knight Riders,8,1,,,6,
8,7,24-Mar-19,2019,10:30 AM GMT / 04:00 PM LOCAL,"Eden Gardens, Kolkata",8,bowl,Kolkata Knight Riders,8,1,,,6,
2,6,26-Mar-19,2019,02:30 PM GMT / 08:00 PM LOCAL,"Arun Jaitley Stadium, Delhi",2,bat,Chennai Super Kings,6,0,,,6,
9,7,8-Apr-19,2019,02:30 PM GMT / 08:00 PM LOCAL,"Punjab Cricket Association IS Bindra Stadium, Mohali",9,bowl,Kings XI Punjab,9,1,,,6,
7,6,17-Apr-19,2019,02:30 PM GMT / 08:00 PM LOCAL,"Rajiv Gandhi International Stadium, Hyderabad",6,bat,Sunrisers Hyderabad,7,0,,,6,
4,2,22-Apr-19,2019,02:30 PM GMT / 08:00 PM LOCAL,"Sawai Mansingh Stadium, Jaipur",2,bowl,Delhi Capitals,2,1,,,6,
6,7,23-Apr-19,2019,02:30 PM GMT / 08:00 PM LOCAL,"MA Chidambaram Stadium, Chennai",6,bowl,Chennai Super Kings,6,1,,,6,
9,6,5-May-19,2019,10:30 AM GMT / 04:00 PM LOCAL,"Punjab Cricket Association IS Bindra Stadium, Mohali",9,bowl,Kings XI Punjab,9,1,,,6,
5,6,7-May-19,2019,02:00 PM GMT / 07:30 PM LOCAL,"MA Chidambaram Stadium, Chennai",6,bat,Mumbai Indians,5,0,,,6,
6,2,10-May-19,2019,02:00 PM GMT / 07:30 PM LOCAL,"Dr. Y.S. Rajasekhara Reddy ACA-VDCA Cricket Stadium, Visakhapatnam",6,bowl,Chennai Super Kings,6,1,,,6,
8,1,20-Apr-08,2008,10:30 AM GMT / 04:00 PM LOCAL,"Eden Gardens, Kolkata",1,bat,Kolkata Knight Riders,8,0,,,5,6
5,3,20-Apr-08,2008,02:30 PM GMT / 08:00 PM LOCAL,"Wankhede Stadium, Mumbai",5,bat,Royal Challengers Bangalore,3,0,,,5,2
3,2,19-May-08,2008,02:30 PM GMT / 08:00 PM LOCAL,"M.Chinnaswamy Stadium, Bengaluru",2,bowl,Delhi Capitals,2,1,,,5,10
2,5,24-May-08,2008,02:30 PM GMT / 08:00 PM LOCAL,"Arun Jaitley Stadium, Delhi",2,bowl,Delhi Capitals,2,1,,,5,1
1,3,25-May-08,2008,10:30 AM GMT / 04:00 PM LOCAL,"Rajiv Gandhi International Stadium, Hyderabad",1,bat,Royal Challengers Bangalore,3,0,,,5,6
4,5,26-May-08,2008,02:30 PM GMT / 08:00 PM LOCAL,"Sawai Mansingh Stadium, Jaipur",4,bowl,Rajasthan Royals,4,1,,,5,0
2,4,28-Apr-09,2009,02:30 PM GMT / 04:30 PM LOCAL,"SuperSport Park, Centurion",2,bat,Rajasthan Royals,4,0,,,5,9
3,8,29-Apr-09,2009,10:30 AM GMT / 12:30 PM LOCAL,"Kingsmead, Durban",8,bat,Royal Challengers Bangalore,3,0,,,5,1
9,2,13-Mar-10,2010,02:30 PM GMT / 08:00 PM LOCAL,"Punjab Cricket Association IS Bindra Stadium, Mohali",2,bowl,Delhi Capitals,2,1,,,5,1
2,6,19-Mar-10,2010,10:30 AM GMT / 04:00 PM LOCAL,"Arun Jaitley Stadium, Delhi",2,bat,Chennai Super Kings,6,0,,,5,5
5,6,25-Mar-10,2010,02:30 PM GMT / 08:00 PM LOCAL,"Brabourne Stadium, Mumbai",5,bowl,Mumbai Indians,5,1,,,5,6
6,3,31-Mar-10,2010,10:30 AM GMT / 04:00 PM LOCAL,"MA Chidambaram Stadium, Chennai",3,bat,Chennai Super Kings,6,0,,,5,7
4,3,14-Apr-10,2010,02:30 PM GMT / 08:00 PM LOCAL,"Sawai Mansingh Stadium, Jaipur",4,bat,Royal Challengers Bangalore,3,0,,,5,26
9,1,16-Apr-10,2010,02:30 PM GMT / 08:00 PM LOCAL,"Himachal Pradesh Cricket Association Stadium, Dharamsala",1,bowl,Deccan Chargers,1,1,,,5,5
9,12,8-May-11,2011,02:30 PM GMT / 08:00 PM LOCAL,"Punjab Cricket Association IS Bindra Stadium, Mohali",9,bat,Pune Warriors,12,0,,,5,
8,5,22-May-11,2011,02:30 PM GMT / 08:00 PM LOCAL,"Eden Gardens, Kolkata",5,bowl,Mumbai Indians,5,1,,,5,
1,5,9-Apr-12,2012,02:30 PM GMT / 08:00 PM LOCAL,"Dr. Y.S. Rajasekhara Reddy ACA-VDCA Cricket Stadium, Visakhapatnam",1,bat,Mumbai Indians,5,0,,,5,
6,3,12-Apr-12,2012,10:30 AM GMT / 04:00 PM LOCAL,"MA Chidambaram Stadium, Chennai",3,bat,Chennai Super Kings,6,0,,,5,
8,4,13-Apr-12,2012,02:30 PM GMT / 08:00 PM LOCAL,"Eden Gardens, Kolkata",4,bat,Kolkata Knight Riders,8,0,,,5,
4,1,17-Apr-12,2012,10:30 AM GMT / 04:00 PM LOCAL,"Sawai Mansingh Stadium, Jaipur",1,bat,Rajasthan Royals,4,0,,,5,
2,1,19-Apr-12,2012,10:30 AM GMT / 04:00 PM LOCAL,"Arun Jaitley Stadium, Delhi",1,bat,Delhi Capitals,2,0,,,5,
9,3,20-Apr-12,2012,02:30 PM GMT / 08:00 PM LOCAL,"Punjab Cricket Association IS Bindra Stadium, Mohali",3,bowl,Royal Challengers Bangalore,3,1,,,5,
1,8,22-Apr-12,2012,02:30 PM GMT / 08:00 PM LOCAL,"Barabati Stadium, Cuttack",8,bowl,Kolkata Knight Riders,8,1,,,5,
5,1,29-Apr-12,2012,02:30 PM GMT / 08:00 PM LOCAL,"Wankhede Stadium, Mumbai",5,bowl,Mumbai Indians,5,1,,,5,
6,8,30-Apr-12,2012,02:30 PM GMT / 08:00 PM LOCAL,"MA Chidambaram Stadium, Chennai",6,bat,Kolkata Knight Riders,8,0,,,5,
3,1,6-May-12,2012,02:30 PM GMT / 08:00 PM LOCAL,"M.Chinnaswamy Stadium, Bengaluru",3,bowl,Royal Challengers Bangalore,3,1,,,5,
3,5,14-May-12,2012,10:30 AM GMT / 04:00 PM LOCAL,"M.Chinnaswamy Stadium, Bengaluru",5,bowl,Mumbai Indians,5,1,,,5,
8,6,14-May-12,2012,02:30 PM GMT / 08:00 PM LOCAL,"Eden Gardens, Kolkata",6,bowl,Chennai Super Kings,6,1,,,5,
2,9,15-May-12,2012,02:30 PM GMT / 08:00 PM LOCAL,"Arun Jaitley Stadium, Delhi",9,bat,Delhi Capitals,2,0,,,5,
1,4,18-May-12,2012,02:30 PM GMT / 08:00 PM LOCAL,"Rajiv Gandhi International Stadium, Hyderabad",4,bat,Deccan Chargers,1,0,,,5,
6,8,27-May-12,2012,02:30 PM GMT / 08:00 PM LOCAL,"MA Chidambaram Stadium, Chennai",6,bat,Kolkata Knight Riders,8,0,,,5,
7,9,19-Apr-13,2013,02:30 PM GMT / 08:00 PM LOCAL,"Rajiv Gandhi International Stadium, Hyderabad",9,bat,Sunrisers Hyderabad,7,0,,,5,
6,4,22-Apr-13,2013,02:30 PM GMT / 08:00 PM LOCAL,"MA Chidambaram Stadium, Chennai",4,bat,Chennai Super Kings,6,0,,,5,
2,9,23-Apr-13,2013,02:30 PM GMT / 08:00 PM LOCAL,"Arun Jaitley Stadium, Delhi",9,bowl,Kings XI Punjab,9,1,,,5,
8,5,24-Apr-13,2013,02:30 PM GMT / 08:00 PM LOCAL,"Eden Gardens, Kolkata",8,bat,Mumbai Indians,5,0,,,5,
6,7,25-Apr-13,2013,02:30 PM GMT / 08:00 PM LOCAL,"MA Chidambaram Stadium, Chennai",7,bat,Chennai Super Kings,6,0,,,5,
4,12,5-May-13,2013,02:30 PM GMT / 08:00 PM LOCAL,"Sawai Mansingh Stadium, Jaipur",12,bat,Rajasthan Royals,4,0,,,5,
12,5,11-May-13,2013,10:30 AM GMT / 04:00 PM LOCAL,"Maharashtra Cricket Association Stadium, Pune",12,bat,Mumbai Indians,5,0,,,5,
8,3,12-May-13,2013,10:30 AM GMT / 04:00 PM LOCAL,"JSCA International Stadium Complex, Ranchi",8,bowl,Kolkata Knight Riders,8,1,,,5,
4,6,12-May-13,2013,02:30 PM GMT / 08:00 PM LOCAL,"Sawai Mansingh Stadium, Jaipur",4,bowl,Rajasthan Royals,4,1,,,5,
7,8,19-May-13,2013,02:30 PM GMT / 08:00 PM LOCAL,"Rajiv Gandhi International Stadium, Hyderabad",8,bat,Sunrisers Hyderabad,7,0,,,5,
7,6,27-Apr-14,2014,02:30 PM GMT / 06:30 PM LOCAL,"Sharjah Cricket Stadium, Sharjah",7,bat,Chennai Super Kings,6,0,,,5,
9,3,28-Apr-14,2014,02:30 PM GMT / 06:30 PM LOCAL,"Dubai International Cricket Stadium , Dubai",9,bowl,Kings XI Punjab,9,1,,,5,
5,9,3-May-14,2014,10:30 AM GMT / 04:00 PM LOCAL,"Wankhede Stadium, Mumbai",9,bat,Mumbai Indians,5,0,,,5,
3,4,11-May-14,2014,02:30 PM GMT / 08:00 PM LOCAL,"M.Chinnaswamy Stadium, Bengaluru",3,bat,Rajasthan Royals,4,0,,,5,
6,4,13-May-14,2014,10:30 AM GMT / 04:00 PM LOCAL,"JSCA International Stadium Complex, Ranchi",4,bat,Chennai Super Kings,6,0,,,5,
6,3,18-May-14,2014,10:30 AM GMT / 04:00 PM LOCAL,"JSCA International Stadium Complex, Ranchi",6,bat,Royal Challengers Bangalore,3,0,,,5,
5,4,25-May-14,2014,02:30 PM GMT / 08:00 PM LOCAL,"Wankhede Stadium, Mumbai",5,bowl,Mumbai Indians,5,1,,,5,
9,2,15-Apr-15,2015,02:30 PM GMT / 08:00 PM LOCAL,"Maharashtra Cricket Association Stadium, Pune",9,bat,Delhi Capitals,2,0,,,5,
5,2,5-May-15,2015,02:30 PM GMT / 08:00 PM LOCAL,"Wankhede Stadium, Mumbai",2,bat,Mumbai Indians,5,0,,,5,
9,13,11-Apr-16,2016,02:30 PM GMT / 08:00 PM LOCAL,"Punjab Cricket Association IS Bindra Stadium, Mohali",13,bowl,Gujarat Lions,13,1,,,5,
7,9,23-Apr-16,2016,02:30 PM GMT / 08:00 PM LOCAL,"Rajiv Gandhi International Stadium, Hyderabad",7,bowl,Sunrisers Hyderabad,7,1,,,5,
3,8,2-May-16,2016,02:30 PM GMT / 08:00 PM LOCAL,"M.Chinnaswamy Stadium, Bengaluru",8,bowl,Kolkata Knight Riders,8,1,,,5,
7,13,6-May-16,2016,02:30 PM GMT / 08:00 PM LOCAL,"Rajiv Gandhi International Stadium, Hyderabad",7,bowl,Sunrisers Hyderabad,7,1,,,5,
8,13,8-May-16,2016,02:30 PM GMT / 08:00 PM LOCAL,"Eden Gardens, Kolkata",13,bowl,Gujarat Lions,13,1,,,5,
5,3,1-May-17,2017,10:30 AM GMT / 04:00 PM LOCAL,"Wankhede Stadium, Mumbai",3,bat,Mumbai Indians,5,0,,,5,
10,13,1-May-17,2017,02:30 PM GMT / 08:00 PM LOCAL,"Maharashtra Cricket Association Stadium, Pune",10,bowl,Rising Pune Supergiants,10,1,,,5,
6,8,10-Apr-18,2018,02:30 PM GMT / 08:00 PM LOCAL,"MA Chidambaram Stadium, Chennai",6,bowl,Chennai Super Kings,6,1,,,5,
8,7,14-Apr-18,2018,02:30 PM GMT / 08:00 PM LOCAL,"Eden Gardens, Kolkata",7,bowl,Sunrisers Hyderabad,7,1,,,5,
3,6,25-Apr-18,2018,02:30 PM GMT / 08:00 PM LOCAL,"M.Chinnaswamy Stadium, Bengaluru",6,bowl,Chennai Super Kings,6,1,,,5,
2,3,12-May-18,2018,02:30 PM GMT / 08:00 PM LOCAL,"Arun Jaitley Stadium, Delhi",3,bowl,Royal Challengers Bangalore,3,1,,,5,
7,8,19-May-18,2018,02:30 PM GMT / 08:00 PM LOCAL,"Rajiv Gandhi International Stadium, Hyderabad",7,bat,Kolkata Knight Riders,8,0,,,5,
6,9,20-May-18,2018,02:30 PM GMT / 08:00 PM LOCAL,"Maharashtra Cricket Association Stadium, Pune",6,bowl,Chennai Super Kings,6,1,,,5,
7,4,29-Mar-19,2019,02:30 PM GMT / 08:00 PM LOCAL,"Rajiv Gandhi International Stadium, Hyderabad",4,bat,Sunrisers Hyderabad,7,0,,,5,
2,7,4-Apr-19,2019,02:30 PM GMT / 08:00 PM LOCAL,"Arun Jaitley Stadium, Delhi",7,bowl,Sunrisers Hyderabad,7,1,,,5,
3,8,5-Apr-19,2019,02:30 PM GMT / 08:00 PM LOCAL,"M.Chinnaswamy Stadium, Bengaluru",8,bowl,Kolkata Knight Riders,8,1,,,5,
8,6,14-Apr-19,2019,10:30 AM GMT / 04:00 PM LOCAL,"Eden Gardens, Kolkata",6,bowl,Chennai Super Kings,6,1,,,5,
5,3,15-Apr-19,2019,02:30 PM GMT / 08:00 PM LOCAL,"Wankhede Stadium, Mumbai",5,bowl,Mumbai Indians,5,1,,,5,
4,5,20-Apr-19,2019,10:30 AM GMT / 04:00 PM LOCAL,"Sawai Mansingh Stadium, Jaipur",4,bowl,Rajasthan Royals,4,1,,,5,
2,9,20-Apr-19,2019,02:30 PM GMT / 08:00 PM LOCAL,"Arun Jaitley Stadium, Delhi",2,bowl,Delhi Capitals,2,1,,,5,
2,4,4-May-19,2019,10:30 AM GMT / 04:00 PM LOCAL,"Arun Jaitley Stadium, Delhi",4,bat,Delhi Capitals,2,0,,,5,
9,2,27-Apr-08,2008,10:30 AM GMT / 04:00 PM LOCAL,"Punjab Cricket Association IS Bindra Stadium, Mohali",2,bat,Kings XI Punjab,9,0,,,4,3
2,6,8-May-08,2008,10:30 AM GMT / 04:00 PM LOCAL,"Arun Jaitley Stadium, Delhi",6,bowl,Chennai Super Kings,6,1,,,4,0
8,4,20-May-09,2009,10:30 AM GMT / 12:30 PM LOCAL,"Kingsmead, Durban",8,bowl,Kolkata Knight Riders,8,1,,,4,3
2,5,21-May-09,2009,10:30 AM GMT / 12:30 PM LOCAL,"SuperSport Park, Centurion",2,bowl,Delhi Capitals,2,1,,,4,15
5,9,30-Mar-10,2010,02:30 PM GMT / 08:00 PM LOCAL,"Brabourne Stadium, Mumbai",5,bowl,Mumbai Indians,5,1,,,4,3
12,11,13-Apr-11,2011,02:30 PM GMT / 08:00 PM LOCAL,"Dr DY Patil Sports Academy, Mumbai",11,bat,Pune Warriors,12,0,,,4,
1,2,5-May-11,2011,02:30 PM GMT / 08:00 PM LOCAL,"Rajiv Gandhi International Stadium, Hyderabad",2,bowl,Delhi Capitals,2,1,,,4,
3,8,14-May-11,2011,10:30 AM GMT / 04:00 PM LOCAL,"M.Chinnaswamy Stadium, Bengaluru",3,bowl,Royal Challengers Bangalore,3,1,,,4,
5,8,25-May-11,2011,02:30 PM GMT / 08:00 PM LOCAL,"Wankhede Stadium, Mumbai",5,bowl,Mumbai Indians,5,1,,,4,
9,5,25-Apr-12,2012,10:30 AM GMT / 04:00 PM LOCAL,"Punjab Cricket Association IS Bindra Stadium, Mohali",9,bat,Mumbai Indians,5,0,,,4,
3,9,2-May-12,2012,02:30 PM GMT / 08:00 PM LOCAL,"M.Chinnaswamy Stadium, Bengaluru",9,bowl,Kings XI Punjab,9,1,,,4,
4,6,10-May-12,2012,02:30 PM GMT / 08:00 PM LOCAL,"Sawai Mansingh Stadium, Jaipur",6,bowl,Chennai Super Kings,6,1,,,4,
9,1,13-May-12,2012,02:30 PM GMT / 08:00 PM LOCAL,"Punjab Cricket Association IS Bindra Stadium, Mohali",1,bat,Kings XI Punjab,9,0,,,4,
6,3,13-Apr-13,2013,02:30 PM GMT / 08:00 PM LOCAL,"MA Chidambaram Stadium, Chennai",6,bowl,Chennai Super Kings,6,1,,,4,
8,6,20-Apr-13,2013,10:30 AM GMT / 04:00 PM LOCAL,"Eden Gardens, Kolkata",8,bat,Chennai Super Kings,6,0,,,4,
4,3,29-Apr-13,2013,10:30 AM GMT / 04:00 PM LOCAL,"Sawai Mansingh Stadium, Jaipur",4,bowl,Rajasthan Royals,4,1,,,4,
4,7,22-May-13,2013,02:30 PM GMT / 08:00 PM LOCAL,"Arun Jaitley Stadium, Delhi",7,bat,Rajasthan Royals,4,0,,,4,
5,4,24-May-13,2013,02:30 PM GMT / 08:00 PM LOCAL,"Eden Gardens, Kolkata",4,bat,Mumbai Indians,5,0,,,4,
7,4,18-Apr-14,2014,02:30 PM GMT / 06:30 PM LOCAL,"Sheikh Zayed Stadium, Abu Dhabi",4,bowl,Rajasthan Royals,4,1,,,4,
8,2,19-Apr-14,2014,02:30 PM GMT / 06:30 PM LOCAL,"Dubai International Cricket Stadium , Dubai",8,bat,Delhi Capitals,2,0,,,4,
3,7,4-May-14,2014,02:30 PM GMT / 08:00 PM LOCAL,"M.Chinnaswamy Stadium, Bengaluru",3,bowl,Royal Challengers Bangalore,3,1,,,4,
5,6,10-May-14,2014,02:30 PM GMT / 08:00 PM LOCAL,"Wankhede Stadium, Mumbai",6,bowl,Chennai Super Kings,6,1,,,4,
2,9,19-May-14,2014,02:30 PM GMT / 08:00 PM LOCAL,"Arun Jaitley Stadium, Delhi",9,bowl,Kings XI Punjab,9,1,,,4,
8,7,24-May-14,2014,02:30 PM GMT / 08:00 PM LOCAL,"Eden Gardens, Kolkata",8,bowl,Kolkata Knight Riders,8,1,,,4,
9,8,18-Apr-15,2015,02:30 PM GMT / 08:00 PM LOCAL,"Maharashtra Cricket Association Stadium, Pune",8,bowl,Kolkata Knight Riders,8,1,,,4,
10,9,21-May-16,2016,10:30 AM GMT / 04:00 PM LOCAL,"Dr. Y.S. Rajasekhara Reddy ACA-VDCA Cricket Stadium, Visakhapatnam",9,bat,Rising Pune Supergiants,10,0,,,4,
13,3,24-May-16,2016,02:30 PM GMT / 08:00 PM LOCAL,"M.Chinnaswamy Stadium, Bengaluru",3,bowl,Royal Challengers Bangalore,3,1,,,4,
13,7,27-May-16,2016,02:30 PM GMT / 08:00 PM LOCAL,"Arun Jaitley Stadium, Delhi",7,bowl,Sunrisers Hyderabad,7,1,,,4,
5,8,9-Apr-17,2017,02:30 PM GMT / 08:00 PM LOCAL,"Wankhede Stadium, Mumbai",5,bowl,Mumbai Indians,5,1,,,4,
5,7,12-Apr-17,2017,02:30 PM GMT / 08:00 PM LOCAL,"Wankhede Stadium, Mumbai",5,bowl,Mumbai Indians,5,1,,,4,
3,5,14-Apr-17,2017,10:30 AM GMT / 04:00 PM LOCAL,"M.Chinnaswamy Stadium, Bengaluru",5,bowl,Mumbai Indians,5,1,,,4,
2,8,17-Apr-17,2017,10:30 AM GMT / 04:00 PM LOCAL,"Arun Jaitley Stadium, Delhi",2,bat,Kolkata Knight Riders,8,0,,,4,
8,13,21-Apr-17,2017,02:30 PM GMT / 08:00 PM LOCAL,"Eden Gardens, Kolkata",13,bowl,Gujarat Lions,13,1,,,4,
8,10,3-May-17,2017,02:30 PM GMT / 08:00 PM LOCAL,"Eden Gardens, Kolkata",10,bowl,Rising Pune Supergiants,10,1,,,4,
8,3,8-Apr-18,2018,02:30 PM GMT / 08:00 PM LOCAL,"Eden Gardens, Kolkata",8,bowl,Kolkata Knight Riders,8,1,,,4,
3,9,13-Apr-18,2018,02:30 PM GMT / 08:00 PM LOCAL,"M.Chinnaswamy Stadium, Bengaluru",3,bowl,Royal Challengers Bangalore,3,1,,,4,
4,6,11-May-18,2018,02:30 PM GMT / 08:00 PM LOCAL,"Sawai Mansingh Stadium, Jaipur",6,bat,Rajasthan Royals,4,0,,,4,
3,2,7-Apr-19,2019,10:30 AM GMT / 04:00 PM LOCAL,"M.Chinnaswamy Stadium, Bengaluru",2,bowl,Delhi Capitals,2,1,,,4,
4,6,11-Apr-19,2019,02:30 PM GMT / 08:00 PM LOCAL,"Sawai Mansingh Stadium, Jaipur",6,bowl,Chennai Super Kings,6,1,,,4,
5,4,13-Apr-19,2019,10:30 AM GMT / 04:00 PM LOCAL,"Wankhede Stadium, Mumbai",4,bowl,Rajasthan Royals,4,1,,,4,
3,7,4-May-19,2019,02:30 PM GMT / 08:00 PM LOCAL,"M.Chinnaswamy Stadium, Bengaluru",3,bowl,Royal Challengers Bangalore,3,1,,,4,
1,4,24-Apr-08,2008,02:30 PM GMT / 08:00 PM LOCAL,"Rajiv Gandhi International Stadium, Hyderabad",4,bowl,Rajasthan Royals,4,1,,,3,1
4,2,11-May-08,2008,02:30 PM GMT / 08:00 PM LOCAL,"Sawai Mansingh Stadium, Jaipur",4,bowl,Rajasthan Royals,4,1,,,3,5
8,9,25-May-08,2008,02:30 PM GMT / 08:00 PM LOCAL,"Eden Gardens, Kolkata",9,bat,Kolkata Knight Riders,8,0,,,3,2
6,4,1-Jun-08,2008,02:45 PM GMT / 08:15 PM LOCAL,"Dr DY Patil Sports Academy, Mumbai",4,bowl,Rajasthan Royals,4,1,,,3,0
1,4,2-May-09,2009,10:30 AM GMT / 12:30 PM LOCAL,"St George's Park, Port Elizabeth",1,bat,Rajasthan Royals,4,0,,,3,2
1,9,9-May-09,2009,10:30 AM GMT / 12:30 PM LOCAL,"Diamond Oval, Kimberley",9,bowl,Kings XI Punjab,9,1,,,3,1
12,2,17-Apr-11,2011,10:30 AM GMT / 04:00 PM LOCAL,"Dr DY Patil Sports Academy, Mumbai",2,bowl,Delhi Capitals,2,1,,,3,
2,3,26-Apr-11,2011,02:30 PM GMT / 08:00 PM LOCAL,"Arun Jaitley Stadium, Delhi",3,bowl,Royal Challengers Bangalore,3,1,,,3,
2,7,12-Apr-13,2013,02:30 PM GMT / 08:00 PM LOCAL,"Arun Jaitley Stadium, Delhi",2,bat,Sunrisers Hyderabad,7,0,,,3,
8,9,1-Jun-14,2014,02:30 PM GMT / 08:00 PM LOCAL,"M.Chinnaswamy Stadium, Bengaluru",8,bowl,Kolkata Knight Riders,8,1,,,3,
8,3,11-Apr-15,2015,02:30 PM GMT / 08:00 PM LOCAL,"Eden Gardens, Kolkata",3,bowl,Royal Challengers Bangalore,3,1,,,3,
2,4,12-Apr-15,2015,10:30 AM GMT / 04:00 PM LOCAL,"Arun Jaitley Stadium, Delhi",4,bowl,Rajasthan Royals,4,1,,,3,
6,3,22-May-15,2015,02:30 PM GMT / 08:00 PM LOCAL,"JSCA International Stadium Complex, Ranchi",6,bowl,Chennai Super Kings,6,1,,,3,
5,13,16-Apr-16,2016,02:30 PM GMT / 08:00 PM LOCAL,"Wankhede Stadium, Mumbai",13,bowl,Gujarat Lions,13,1,,,3,
10,13,29-Apr-16,2016,02:30 PM GMT / 08:00 PM LOCAL,"Maharashtra Cricket Association Stadium, Pune",13,bowl,Gujarat Lions,13,1,,,3,
4,5,22-Apr-18,2018,02:30 PM GMT / 08:00 PM LOCAL,"Sawai Mansingh Stadium, Jaipur",5,bat,Rajasthan Royals,4,0,,,3,
5,9,10-Apr-19,2019,02:30 PM GMT / 08:00 PM LOCAL,"Wankhede Stadium, Mumbai",5,bowl,Mumbai Indians,5,1,,,3,
8,4,25-Apr-19,2019,02:30 PM GMT / 08:00 PM LOCAL,"Eden Gardens, Kolkata",4,bowl,Rajasthan Royals,4,1,,,3,
3,6,14-May-09,2009,10:30 AM GMT / 12:30 PM LOCAL,"Kingsmead, Durban",6,bat,Royal Challengers Bangalore,3,0,,,2,2
5,6,6-May-12,2012,10:30 AM GMT / 04:00 PM LOCAL,"Wankhede Stadium, Mumbai",5,bowl,Mumbai Indians,5,1,,,2,
10,8,24-Apr-16,2016,02:30 PM GMT / 08:00 PM LOCAL,"Maharashtra Cricket Association Stadium, Pune",8,bowl,Kolkata Knight Riders,8,1,,,2,
13,2,10-May-17,2017,02:30 PM GMT / 08:00 PM LOCAL,"Green Park, Kanpur",2,bowl,Delhi Capitals,2,1,,,2,
7,6,22-May-18,2018,01:30 PM GMT / 07:00 PM LOCAL,"Wankhede Stadium, Mumbai",6,bowl,Chennai Super Kings,6,1,,,2,
2,7,8-May-19,2019,02:00 PM GMT / 07:30 PM LOCAL,"Dr. Y.S. Rajasekhara Reddy ACA-VDCA Cricket Stadium, Visakhapatnam",2,bowl,Delhi Capitals,2,1,,,2,
8,9,9-May-15,2015,10:30 AM GMT / 04:00 PM LOCAL,"Eden Gardens, Kolkata",9,bat,Kolkata Knight Riders,8,0,,,1,
5,6,7-Apr-18,2018,02:30 PM GMT / 08:00 PM LOCAL,"Wankhede Stadium, Mumbai",6,bowl,Chennai Super Kings,6,1,,,1,
7,5,12-Apr-18,2018,02:30 PM GMT / 08:00 PM LOCAL,"Rajiv Gandhi International Stadium, Hyderabad",7,bowl,Sunrisers Hyderabad,7,1,,,1,
3,8,18-Apr-08,2008,02:30 PM GMT / 08:00 PM LOCAL,"M.Chinnaswamy Stadium, Bengaluru",3,bowl,Kolkata Knight Riders,8,0,,140,,
9,6,19-Apr-08,2008,11:30 AM GMT / 05:00 PM LOCAL,"Punjab Cricket Association IS Bindra Stadium, Mohali",6,bat,Chennai Super Kings,6,1,,33,,
6,5,23-Apr-08,2008,02:30 PM GMT / 08:00 PM LOCAL,"MA Chidambaram Stadium, Chennai",5,bowl,Chennai Super Kings,6,0,,6,,
9,5,25-Apr-08,2008,02:30 PM GMT / 08:00 PM LOCAL,"Punjab Cricket Association IS Bindra Stadium, Mohali",5,bowl,Kings XI Punjab,9,0,,66,,
3,6,28-Apr-08,2008,02:30 PM GMT / 08:00 PM LOCAL,"M.Chinnaswamy Stadium, Bengaluru",6,bat,Chennai Super Kings,6,1,,13,,
2,3,30-Apr-08,2008,02:30 PM GMT / 08:00 PM LOCAL,"Arun Jaitley Stadium, Delhi",3,bowl,Delhi Capitals,2,0,,10,,
4,8,1-May-08,2008,10:30 AM GMT / 04:00 PM LOCAL,"Sawai Mansingh Stadium, Jaipur",4,bat,Rajasthan Royals,4,1,,45,,
3,1,3-May-08,2008,10:30 AM GMT / 04:00 PM LOCAL,"M.Chinnaswamy Stadium, Bengaluru",1,bowl,Royal Challengers Bangalore,3,0,,3,,
9,8,3-May-08,2008,02:30 PM GMT / 08:00 PM LOCAL,"Punjab Cricket Association IS Bindra Stadium, Mohali",9,bat,Kings XI Punjab,9,1,,9,,
5,2,4-May-08,2008,10:30 AM GMT / 04:00 PM LOCAL,"Dr DY Patil Sports Academy, Mumbai",2,bowl,Mumbai Indians,5,0,,29,,
8,3,8-May-08,2008,02:30 PM GMT / 08:00 PM LOCAL,"Eden Gardens, Kolkata",8,bat,Kolkata Knight Riders,8,1,,5,,
6,9,10-May-08,2008,02:30 PM GMT / 08:00 PM LOCAL,"MA Chidambaram Stadium, Chennai",9,bowl,Chennai Super Kings,6,0,,18,,
1,8,11-May-08,2008,10:30 AM GMT / 04:00 PM LOCAL,"Rajiv Gandhi International Stadium, Hyderabad",8,bat,Kolkata Knight Riders,8,1,,23,,
8,2,13-May-08,2008,02:30 PM GMT / 08:00 PM LOCAL,"Eden Gardens, Kolkata",8,bat,Kolkata Knight Riders,8,1,,23,,
2,1,15-May-08,2008,02:30 PM GMT / 08:00 PM LOCAL,"Arun Jaitley Stadium, Delhi",1,bowl,Delhi Capitals,2,0,,12,,
4,3,17-May-08,2008,10:30 AM GMT / 04:00 PM LOCAL,"Sawai Mansingh Stadium, Jaipur",3,bowl,Rajasthan Royals,4,0,,65,,
2,9,17-May-08,2008,02:30 PM GMT / 08:00 PM LOCAL,"Arun Jaitley Stadium, Delhi",2,bat,Kings XI Punjab,9,0,,6,,
8,6,18-May-08,2008,10:30 AM GMT / 04:00 PM LOCAL,"Eden Gardens, Kolkata",8,bat,Chennai Super Kings,6,0,,3,,
1,5,18-May-08,2008,02:30 PM GMT / 08:00 PM LOCAL,"Rajiv Gandhi International Stadium, Hyderabad",1,bowl,Mumbai Indians,5,0,,25,,
5,9,21-May-08,2008,10:30 AM GMT / 04:00 PM LOCAL,"Wankhede Stadium, Mumbai",5,bowl,Kings XI Punjab,9,0,,,,
6,3,21-May-08,2008,02:30 PM GMT / 08:00 PM LOCAL,"MA Chidambaram Stadium, Chennai",3,bat,Royal Challengers Bangalore,3,1,,14,,
6,4,24-May-08,2008,10:30 AM GMT / 04:00 PM LOCAL,"MA Chidambaram Stadium, Chennai",4,bat,Rajasthan Royals,4,1,,10,,
9,4,28-May-08,2008,02:30 PM GMT / 08:00 PM LOCAL,"Punjab Cricket Association IS Bindra Stadium, Mohali",4,bowl,Kings XI Punjab,9,0,,41,,
2,4,30-May-08,2008,02:30 PM GMT / 08:00 PM LOCAL,"Wankhede Stadium, Mumbai",2,bowl,Rajasthan Royals,4,0,,105,,
6,5,18-Apr-09,2009,10:30 AM GMT / 12:30 PM LOCAL,"Newlands, Cape Town",6,bowl,Mumbai Indians,5,0,,19,,
3,4,18-Apr-09,2009,03:10 PM GMT / 05:10 PM LOCAL,"Newlands, Cape Town",3,bat,Royal Challengers Bangalore,3,1,,75,,
3,6,20-Apr-09,2009,02:30 PM GMT / 04:30 PM LOCAL,"St George's Park, Port Elizabeth",6,bat,Chennai Super Kings,6,1,,92,,
9,8,21-Apr-09,2009,10:30 AM GMT / 12:30 PM LOCAL,"Kingsmead, Durban",8,bowl,Kolkata Knight Riders,8,1,,11,,
3,1,22-Apr-09,2009,02:30 PM GMT / 04:30 PM LOCAL,"Newlands, Cape Town",1,bat,Deccan Chargers,1,1,,24,,
6,2,23-Apr-09,2009,10:30 AM GMT / 12:30 PM LOCAL,"Kingsmead, Durban",2,bat,Delhi Capitals,2,1,,9,,
8,4,23-Apr-09,2009,02:45 PM GMT / 04:45 PM LOCAL,"Newlands, Cape Town",8,bowl,Rajasthan Royals,4,0,1,,,
1,5,25-Apr-09,2009,10:30 AM GMT / 12:30 PM LOCAL,"Kingsmead, Durban",1,bat,Deccan Chargers,1,1,,12,,
9,4,26-Apr-09,2009,02:45 PM GMT / 04:45 PM LOCAL,"Newlands, Cape Town",9,bat,Kings XI Punjab,9,1,,27,,
8,5,27-Apr-09,2009,02:45 PM GMT / 04:45 PM LOCAL,"St George's Park, Port Elizabeth",5,bat,Mumbai Indians,5,1,,92,,
9,5,29-Apr-09,2009,02:30 PM GMT / 04:30 PM LOCAL,"Kingsmead, Durban",9,bat,Kings XI Punjab,9,1,,3,,
6,4,30-Apr-09,2009,02:30 PM GMT / 04:30 PM LOCAL,"SuperSport Park, Centurion",4,bowl,Chennai Super Kings,6,0,,38,,
8,5,1-May-09,2009,10:30 AM GMT / 12:30 PM LOCAL,"Buffalo Park, East London",5,bat,Mumbai Indians,5,1,,9,,
3,9,1-May-09,2009,02:45 PM GMT / 04:45 PM LOCAL,"Kingsmead, Durban",3,bat,Royal Challengers Bangalore,3,1,,8,,
6,2,2-May-09,2009,02:45 PM GMT / 04:45 PM LOCAL,"The Wanderers Stadium, Johannesburg",2,bowl,Chennai Super Kings,6,0,,18,,
6,1,4-May-09,2009,02:30 PM GMT / 04:30 PM LOCAL,"Buffalo Park, East London",6,bat,Chennai Super Kings,6,1,,78,,
9,4,5-May-09,2009,10:30 AM GMT / 12:30 PM LOCAL,"Kingsmead, Durban",9,bowl,Rajasthan Royals,4,0,,78,,
1,5,6-May-09,2009,02:30 PM GMT / 04:30 PM LOCAL,"SuperSport Park, Centurion",1,bat,Deccan Chargers,1,1,,19,,
6,9,7-May-09,2009,02:30 PM GMT / 04:30 PM LOCAL,"SuperSport Park, Centurion",6,bat,Chennai Super Kings,6,1,,12,,
3,5,10-May-09,2009,10:30 AM GMT / 12:30 PM LOCAL,"St George's Park, Port Elizabeth",5,bat,Mumbai Indians,5,1,,16,,
1,4,11-May-09,2009,02:30 PM GMT / 04:30 PM LOCAL,"Diamond Oval, Kimberley",1,bat,Deccan Chargers,1,1,,53,,
1,2,13-May-09,2009,02:30 PM GMT / 04:30 PM LOCAL,"Kingsmead, Durban",1,bowl,Delhi Capitals,2,0,,12,,
5,4,14-May-09,2009,02:30 PM GMT / 04:30 PM LOCAL,"Kingsmead, Durban",4,bat,Rajasthan Royals,4,1,,2,,
1,9,17-May-09,2009,10:30 AM GMT / 12:30 PM LOCAL,"The Wanderers Stadium, Johannesburg",1,bowl,Kings XI Punjab,9,0,,,,
2,4,17-May-09,2009,02:45 PM GMT / 04:45 PM LOCAL,"Mangaung Oval, Bloemfontein",2,bat,Delhi Capitals,2,1,,14,,
6,9,20-May-09,2009,02:30 PM GMT / 04:30 PM LOCAL,"Kingsmead, Durban",6,bat,Chennai Super Kings,6,1,,24,,
3,1,21-May-09,2009,02:30 PM GMT / 04:30 PM LOCAL,"SuperSport Park, Centurion",3,bat,Royal Challengers Bangalore,3,1,,12,,
3,1,24-May-09,2009,02:30 PM GMT / 04:30 PM LOCAL,"The Wanderers Stadium, Johannesburg",3,bowl,Deccan Chargers,1,0,,6,,
1,8,12-Mar-10,2010,02:30 PM GMT / 08:00 PM LOCAL,"Dr DY Patil Sports Academy, Mumbai",1,bowl,Kolkata Knight Riders,8,0,,11,,
5,4,13-Mar-10,2010,09:30 AM GMT / 03:00 PM LOCAL,"Brabourne Stadium, Mumbai",5,bat,Mumbai Indians,5,1,,4,,
6,1,14-Mar-10,2010,02:30 PM GMT / 08:00 PM LOCAL,"MA Chidambaram Stadium, Chennai",1,bat,Deccan Chargers,1,1,,31,,
8,6,16-Mar-10,2010,02:30 PM GMT / 08:00 PM LOCAL,"Eden Gardens, Kolkata",6,bat,Chennai Super Kings,6,1,,55,,
2,5,17-Mar-10,2010,02:30 PM GMT / 08:00 PM LOCAL,"Arun Jaitley Stadium, Delhi",2,bowl,Mumbai Indians,5,0,,98,,
1,9,19-Mar-10,2010,02:30 PM GMT / 08:00 PM LOCAL,"Barabati Stadium, Cuttack",9,bowl,Deccan Chargers,1,0,,6,,
4,8,20-Mar-10,2010,10:30 AM GMT / 04:00 PM LOCAL,"Sardar Patel Stadium, Ahmedabad",4,bat,Rajasthan Royals,4,1,,34,,
1,2,21-Mar-10,2010,10:30 AM GMT / 04:00 PM LOCAL,"Barabati Stadium, Cuttack",1,bat,Deccan Chargers,1,1,,10,,
6,9,21-Mar-10,2010,02:30 PM GMT / 08:00 PM LOCAL,"MA Chidambaram Stadium, Chennai",6,bowl,Kings XI Punjab,9,0,1,,,
3,6,23-Mar-10,2010,02:30 PM GMT / 08:00 PM LOCAL,"M.Chinnaswamy Stadium, Bengaluru",6,bowl,Royal Challengers Bangalore,3,0,,36,,
9,4,24-Mar-10,2010,02:30 PM GMT / 08:00 PM LOCAL,"Punjab Cricket Association IS Bindra Stadium, Mohali",9,bowl,Rajasthan Royals,4,0,,31,,
3,2,25-Mar-10,2010,10:30 AM GMT / 04:00 PM LOCAL,"M.Chinnaswamy Stadium, Bengaluru",3,bowl,Delhi Capitals,2,0,,17,,
9,8,27-Mar-10,2010,02:30 PM GMT / 08:00 PM LOCAL,"Punjab Cricket Association IS Bindra Stadium, Mohali",8,bat,Kolkata Knight Riders,8,1,,39,,
4,6,28-Mar-10,2010,10:30 AM GMT / 04:00 PM LOCAL,"Sardar Patel Stadium, Ahmedabad",4,bat,Rajasthan Royals,4,1,,17,,
1,5,28-Mar-10,2010,02:30 PM GMT / 08:00 PM LOCAL,"Dr DY Patil Sports Academy, Mumbai",1,bowl,Mumbai Indians,5,0,,41,,
2,8,29-Mar-10,2010,02:30 PM GMT / 08:00 PM LOCAL,"Arun Jaitley Stadium, Delhi",2,bat,Delhi Capitals,2,1,,40,,
2,4,31-Mar-10,2010,02:30 PM GMT / 08:00 PM LOCAL,"Arun Jaitley Stadium, Delhi",2,bat,Delhi Capitals,2,1,,67,,
8,1,1-Apr-10,2010,02:30 PM GMT / 08:00 PM LOCAL,"Eden Gardens, Kolkata",8,bat,Kolkata Knight Riders,8,1,,24,,
6,4,3-Apr-10,2010,10:30 AM GMT / 04:00 PM LOCAL,"MA Chidambaram Stadium, Chennai",6,bat,Chennai Super Kings,6,1,,23,,
5,1,3-Apr-10,2010,02:30 PM GMT / 08:00 PM LOCAL,"Brabourne Stadium, Mumbai",5,bat,Mumbai Indians,5,1,,63,,
2,3,4-Apr-10,2010,02:30 PM GMT / 08:00 PM LOCAL,"Arun Jaitley Stadium, Delhi",2,bat,Delhi Capitals,2,1,,37,,
1,4,5-Apr-10,2010,02:30 PM GMT / 08:00 PM LOCAL,"Vidarbha Cricket Association Stadium, Nagpur",4,bat,Rajasthan Royals,4,1,,2,,
6,5,6-Apr-10,2010,02:30 PM GMT / 08:00 PM LOCAL,"MA Chidambaram Stadium, Chennai",6,bat,Chennai Super Kings,6,1,,24,,
8,2,7-Apr-10,2010,02:30 PM GMT / 08:00 PM LOCAL,"Eden Gardens, Kolkata",8,bat,Kolkata Knight Riders,8,1,,14,,
4,5,11-Apr-10,2010,02:30 PM GMT / 08:00 PM LOCAL,"Sawai Mansingh Stadium, Jaipur",4,bowl,Mumbai Indians,5,0,,37,,
1,3,12-Apr-10,2010,02:30 PM GMT / 08:00 PM LOCAL,"Vidarbha Cricket Association Stadium, Nagpur",3,bowl,Deccan Chargers,1,0,,13,,
5,2,13-Apr-10,2010,10:30 AM GMT / 04:00 PM LOCAL,"Brabourne Stadium, Mumbai",5,bat,Mumbai Indians,5,1,,39,,
3,5,17-Apr-10,2010,10:30 AM GMT / 04:00 PM LOCAL,"M.Chinnaswamy Stadium, Bengaluru",3,bowl,Mumbai Indians,5,0,,57,,
2,1,18-Apr-10,2010,02:30 PM GMT / 08:00 PM LOCAL,"Arun Jaitley Stadium, Delhi",1,bat,Deccan Chargers,1,1,,11,,
3,5,21-Apr-10,2010,02:30 PM GMT / 08:00 PM LOCAL,"Dr DY Patil Sports Academy, Mumbai",5,bat,Mumbai Indians,5,1,,35,,
6,1,22-Apr-10,2010,02:30 PM GMT / 08:00 PM LOCAL,"Dr DY Patil Sports Academy, Mumbai",6,bat,Chennai Super Kings,6,1,,38,,
6,5,25-Apr-10,2010,03:00 PM GMT / 08:30 PM LOCAL,"Dr DY Patil Sports Academy, Mumbai",6,bat,Chennai Super Kings,6,1,,22,,
6,8,8-Apr-11,2011,02:30 PM GMT / 08:00 PM LOCAL,"MA Chidambaram Stadium, Chennai",6,bat,Chennai Super Kings,6,1,,2,,
8,1,11-Apr-11,2011,02:30 PM GMT / 08:00 PM LOCAL,"Eden Gardens, Kolkata",8,bat,Kolkata Knight Riders,8,1,,9,,
1,3,14-Apr-11,2011,02:30 PM GMT / 08:00 PM LOCAL,"Rajiv Gandhi International Stadium, Hyderabad",3,bowl,Deccan Chargers,1,0,,33,,
6,3,16-Apr-11,2011,10:30 AM GMT / 04:00 PM LOCAL,"MA Chidambaram Stadium, Chennai",6,bat,Chennai Super Kings,6,1,,21,,
2,1,19-Apr-11,2011,10:30 AM GMT / 04:00 PM LOCAL,"Arun Jaitley Stadium, Delhi",1,bat,Deccan Chargers,1,1,,16,,
8,11,20-Apr-11,2011,02:30 PM GMT / 08:00 PM LOCAL,"Eden Gardens, Kolkata",8,bowl,Kochi Tuskers Kerala,11,0,,6,,
9,4,21-Apr-11,2011,02:30 PM GMT / 08:00 PM LOCAL,"Punjab Cricket Association IS Bindra Stadium, Mohali",4,bowl,Kings XI Punjab,9,0,,48,,
5,6,22-Apr-11,2011,02:30 PM GMT / 08:00 PM LOCAL,"Wankhede Stadium, Mumbai",6,bowl,Mumbai Indians,5,0,,8,,
2,9,23-Apr-11,2011,02:30 PM GMT / 08:00 PM LOCAL,"Arun Jaitley Stadium, Delhi",9,bowl,Delhi Capitals,2,0,,29,,
1,5,24-Apr-11,2011,10:30 AM GMT / 04:00 PM LOCAL,"Rajiv Gandhi International Stadium, Hyderabad",1,bowl,Mumbai Indians,5,0,,37,,
6,12,25-Apr-11,2011,02:30 PM GMT / 08:00 PM LOCAL,"MA Chidambaram Stadium, Chennai",12,bowl,Chennai Super Kings,6,0,,25,,
11,1,27-Apr-11,2011,02:30 PM GMT / 08:00 PM LOCAL,"Nehru Stadium, Kochi",11,bowl,Deccan Chargers,1,0,,55,,
2,8,28-Apr-11,2011,02:30 PM GMT / 08:00 PM LOCAL,"Arun Jaitley Stadium, Delhi",2,bowl,Kolkata Knight Riders,8,0,,17,,
3,12,29-Apr-11,2011,02:30 PM GMT / 08:00 PM LOCAL,"M.Chinnaswamy Stadium, Bengaluru",12,bowl,Royal Challengers Bangalore,3,0,,26,,
11,2,30-Apr-11,2011,10:30 AM GMT / 04:00 PM LOCAL,"Nehru Stadium, Kochi",2,bat,Delhi Capitals,2,1,,38,,
6,1,1-May-11,2011,02:30 PM GMT / 08:00 PM LOCAL,"MA Chidambaram Stadium, Chennai",6,bat,Chennai Super Kings,6,1,,19,,
5,9,2-May-11,2011,10:30 AM GMT / 04:00 PM LOCAL,"Wankhede Stadium, Mumbai",9,bowl,Mumbai Indians,5,0,,23,,
1,8,3-May-11,2011,02:30 PM GMT / 08:00 PM LOCAL,"Rajiv Gandhi International Stadium, Hyderabad",1,bowl,Kolkata Knight Riders,8,0,,20,,
12,5,4-May-11,2011,02:30 PM GMT / 08:00 PM LOCAL,"Dr DY Patil Sports Academy, Mumbai",12,bowl,Mumbai Indians,5,0,,21,,
11,8,5-May-11,2011,10:30 AM GMT / 04:00 PM LOCAL,"Nehru Stadium, Kochi",8,bowl,Kochi Tuskers Kerala,11,0,,17,,
3,9,6-May-11,2011,02:30 PM GMT / 08:00 PM LOCAL,"M.Chinnaswamy Stadium, Bengaluru",9,bowl,Royal Challengers Bangalore,3,0,,85,,
8,6,7-May-11,2011,10:30 AM GMT / 04:00 PM LOCAL,"Eden Gardens, Kolkata",6,bat,Kolkata Knight Riders,8,0,,10,,
5,2,7-May-11,2011,02:30 PM GMT / 08:00 PM LOCAL,"Wankhede Stadium, Mumbai",2,bowl,Mumbai Indians,5,0,,32,,
4,6,9-May-11,2011,02:30 PM GMT / 08:00 PM LOCAL,"Sawai Mansingh Stadium, Jaipur",4,bowl,Chennai Super Kings,6,0,,63,,
9,5,10-May-11,2011,02:30 PM GMT / 08:00 PM LOCAL,"Punjab Cricket Association IS Bindra Stadium, Mohali",5,bowl,Kings XI Punjab,9,0,,76,,
6,2,12-May-11,2011,02:30 PM GMT / 08:00 PM LOCAL,"MA Chidambaram Stadium, Chennai",6,bat,Chennai Super Kings,6,1,,18,,
5,1,14-May-11,2011,02:30 PM GMT / 08:00 PM LOCAL,"Wankhede Stadium, Mumbai",1,bat,Deccan Chargers,1,1,,10,,
9,2,15-May-11,2011,10:30 AM GMT / 04:00 PM LOCAL,"Himachal Pradesh Cricket Association Stadium, Dharamsala",2,bowl,Kings XI Punjab,9,0,,29,,
9,3,17-May-11,2011,02:30 PM GMT / 08:00 PM LOCAL,"Himachal Pradesh Cricket Association Stadium, Dharamsala",9,bat,Kings XI Punjab,9,1,,111,,
6,11,18-May-11,2011,02:30 PM GMT / 08:00 PM LOCAL,"MA Chidambaram Stadium, Chennai",6,bat,Chennai Super Kings,6,1,,11,,
9,1,21-May-11,2011,10:30 AM GMT / 04:00 PM LOCAL,"Himachal Pradesh Cricket Association Stadium, Dharamsala",9,bowl,Deccan Chargers,1,0,,82,,
5,3,27-May-11,2011,02:30 PM GMT / 08:00 PM LOCAL,"MA Chidambaram Stadium, Chennai",5,bowl,Royal Challengers Bangalore,3,0,,43,,
6,3,28-May-11,2011,02:30 PM GMT / 08:00 PM LOCAL,"MA Chidambaram Stadium, Chennai",6,bat,Chennai Super Kings,6,1,,58,,
5,12,6-Apr-12,2012,10:30 AM GMT / 04:00 PM LOCAL,"Wankhede Stadium, Mumbai",5,bowl,Pune Warriors,12,0,,28,,
4,9,6-Apr-12,2012,02:30 PM GMT / 08:00 PM LOCAL,"Sawai Mansingh Stadium, Jaipur",9,bowl,Rajasthan Royals,4,0,,31,,
3,2,7-Apr-12,2012,10:30 AM GMT / 04:00 PM LOCAL,"M.Chinnaswamy Stadium, Bengaluru",2,bowl,Royal Challengers Bangalore,3,0,,20,,
1,6,7-Apr-12,2012,02:30 PM GMT / 08:00 PM LOCAL,"Dr. Y.S. Rajasekhara Reddy ACA-VDCA Cricket Stadium, Visakhapatnam",1,bowl,Chennai Super Kings,6,0,,74,,
4,8,8-Apr-12,2012,10:30 AM GMT / 04:00 PM LOCAL,"Sawai Mansingh Stadium, Jaipur",8,bowl,Rajasthan Royals,4,0,,22,,
12,9,8-Apr-12,2012,02:30 PM GMT / 08:00 PM LOCAL,"Maharashtra Cricket Association Stadium, Pune",12,bat,Pune Warriors,12,1,,22,,
3,8,10-Apr-12,2012,10:30 AM GMT / 04:00 PM LOCAL,"M.Chinnaswamy Stadium, Bengaluru",3,bowl,Kolkata Knight Riders,8,0,,42,,
5,4,11-Apr-12,2012,02:30 PM GMT / 08:00 PM LOCAL,"Wankhede Stadium, Mumbai",4,bowl,Mumbai Indians,5,0,,27,,
8,9,15-Apr-12,2012,10:30 AM GMT / 04:00 PM LOCAL,"Eden Gardens, Kolkata",8,bowl,Kings XI Punjab,9,0,,2,,
3,4,15-Apr-12,2012,02:30 PM GMT / 08:00 PM LOCAL,"M.Chinnaswamy Stadium, Bengaluru",4,bat,Rajasthan Royals,4,1,,59,,
6,12,19-Apr-12,2012,02:30 PM GMT / 08:00 PM LOCAL,"MA Chidambaram Stadium, Chennai",12,bowl,Chennai Super Kings,6,0,,13,,
2,12,21-Apr-12,2012,02:30 PM GMT / 08:00 PM LOCAL,"Arun Jaitley Stadium, Delhi",2,bowl,Pune Warriors,12,0,,20,,
4,3,23-Apr-12,2012,02:30 PM GMT / 08:00 PM LOCAL,"Sawai Mansingh Stadium, Jaipur",4,bowl,Royal Challengers Bangalore,3,0,,46,,
12,1,26-Apr-12,2012,02:30 PM GMT / 08:00 PM LOCAL,"Maharashtra Cricket Association Stadium, Pune",1,bat,Deccan Chargers,1,1,,18,,
2,5,27-Apr-12,2012,02:30 PM GMT / 08:00 PM LOCAL,"Arun Jaitley Stadium, Delhi",5,bowl,Delhi Capitals,2,0,,37,,
6,9,28-Apr-12,2012,10:30 AM GMT / 04:00 PM LOCAL,"MA Chidambaram Stadium, Chennai",9,bat,Kings XI Punjab,9,1,,7,,
8,3,28-Apr-12,2012,02:30 PM GMT / 08:00 PM LOCAL,"Eden Gardens, Kolkata",8,bat,Kolkata Knight Riders,8,1,,47,,
2,4,29-Apr-12,2012,10:30 AM GMT / 04:00 PM LOCAL,"Arun Jaitley Stadium, Delhi",2,bat,Delhi Capitals,2,1,,,,
1,12,1-May-12,2012,10:30 AM GMT / 04:00 PM LOCAL,"Barabati Stadium, Cuttack",1,bat,Deccan Chargers,1,1,,13,,
12,5,3-May-12,2012,02:30 PM GMT / 08:00 PM LOCAL,"Maharashtra Cricket Association Stadium, Pune",5,bat,Mumbai Indians,5,1,,1,,
6,1,4-May-12,2012,02:30 PM GMT / 08:00 PM LOCAL,"MA Chidambaram Stadium, Chennai",6,bat,Chennai Super Kings,6,1,,10,,
8,12,5-May-12,2012,10:30 AM GMT / 04:00 PM LOCAL,"Eden Gardens, Kolkata",8,bat,Kolkata Knight Riders,8,1,,7,,
9,4,5-May-12,2012,02:30 PM GMT / 08:00 PM LOCAL,"Punjab Cricket Association IS Bindra Stadium, Mohali",4,bat,Rajasthan Royals,4,1,,43,,
1,9,8-May-12,2012,02:30 PM GMT / 08:00 PM LOCAL,"Rajiv Gandhi International Stadium, Hyderabad",1,bowl,Kings XI Punjab,9,0,,25,,
12,3,11-May-12,2012,02:30 PM GMT / 08:00 PM LOCAL,"Maharashtra Cricket Association Stadium, Pune",12,bowl,Royal Challengers Bangalore,3,0,,35,,
8,5,12-May-12,2012,10:30 AM GMT / 04:00 PM LOCAL,"Eden Gardens, Kolkata",5,bat,Mumbai Indians,5,1,,27,,
4,12,13-May-12,2012,10:30 AM GMT / 04:00 PM LOCAL,"Sawai Mansingh Stadium, Jaipur",4,bat,Rajasthan Royals,4,1,,45,,
5,8,16-May-12,2012,02:30 PM GMT / 08:00 PM LOCAL,"Wankhede Stadium, Mumbai",5,bowl,Kolkata Knight Riders,8,0,,32,,
2,3,17-May-12,2012,02:30 PM GMT / 08:00 PM LOCAL,"Arun Jaitley Stadium, Delhi",2,bowl,Royal Challengers Bangalore,3,0,,21,,
12,8,19-May-12,2012,02:30 PM GMT / 08:00 PM LOCAL,"Maharashtra Cricket Association Stadium, Pune",8,bat,Kolkata Knight Riders,8,1,,34,,
1,3,20-May-12,2012,10:30 AM GMT / 04:00 PM LOCAL,"Rajiv Gandhi International Stadium, Hyderabad",3,bowl,Deccan Chargers,1,0,,9,,
2,8,22-May-12,2012,02:30 PM GMT / 08:00 PM LOCAL,"Maharashtra Cricket Association Stadium, Pune",8,bat,Kolkata Knight Riders,8,1,,18,,
5,6,23-May-12,2012,02:30 PM GMT / 08:00 PM LOCAL,"M.Chinnaswamy Stadium, Bengaluru",5,bowl,Chennai Super Kings,6,0,,38,,
6,2,25-May-12,2012,02:30 PM GMT / 08:00 PM LOCAL,"MA Chidambaram Stadium, Chennai",2,bowl,Chennai Super Kings,6,0,,86,,
3,5,4-Apr-13,2013,02:30 PM GMT / 08:00 PM LOCAL,"M.Chinnaswamy Stadium, Bengaluru",5,bowl,Royal Challengers Bangalore,3,0,,2,,
7,12,5-Apr-13,2013,02:30 PM GMT / 08:00 PM LOCAL,"Rajiv Gandhi International Stadium, Hyderabad",12,bowl,Sunrisers Hyderabad,7,0,,22,,
2,4,6-Apr-13,2013,10:30 AM GMT / 04:00 PM LOCAL,"Arun Jaitley Stadium, Delhi",4,bat,Rajasthan Royals,4,1,,5,,
6,5,6-Apr-13,2013,02:30 PM GMT / 08:00 PM LOCAL,"MA Chidambaram Stadium, Chennai",5,bat,Mumbai Indians,5,1,,9,,
7,3,7-Apr-13,2013,02:30 PM GMT / 08:00 PM LOCAL,"Rajiv Gandhi International Stadium, Hyderabad",3,bat,Sunrisers Hyderabad,7,0,1,,,
4,8,8-Apr-13,2013,02:30 PM GMT / 08:00 PM LOCAL,"Sawai Mansingh Stadium, Jaipur",8,bowl,Rajasthan Royals,4,0,,19,,
5,2,9-Apr-13,2013,02:30 PM GMT / 08:00 PM LOCAL,"Wankhede Stadium, Mumbai",5,bat,Mumbai Indians,5,1,,44,,
5,12,13-Apr-13,2013,10:30 AM GMT / 04:00 PM LOCAL,"Wankhede Stadium, Mumbai",5,bat,Mumbai Indians,5,1,,41,,
8,7,14-Apr-13,2013,10:30 AM GMT / 04:00 PM LOCAL,"Eden Gardens, Kolkata",8,bat,Kolkata Knight Riders,8,1,,48,,
6,12,15-Apr-13,2013,02:30 PM GMT / 08:00 PM LOCAL,"MA Chidambaram Stadium, Chennai",12,bat,Pune Warriors,12,1,,24,,
9,8,16-Apr-13,2013,10:30 AM GMT / 04:00 PM LOCAL,"Punjab Cricket Association IS Bindra Stadium, Mohali",8,bowl,Kings XI Punjab,9,0,,4,,
3,2,16-Apr-13,2013,02:30 PM GMT / 08:00 PM LOCAL,"M.Chinnaswamy Stadium, Bengaluru",3,bowl,Royal Challengers Bangalore,3,1,1,,,
12,7,17-Apr-13,2013,10:30 AM GMT / 04:00 PM LOCAL,"Maharashtra Cricket Association Stadium, Pune",12,bowl,Sunrisers Hyderabad,7,0,,11,,
4,5,17-Apr-13,2013,02:30 PM GMT / 08:00 PM LOCAL,"Sawai Mansingh Stadium, Jaipur",4,bat,Rajasthan Royals,4,1,,87,,
2,6,18-Apr-13,2013,02:30 PM GMT / 08:00 PM LOCAL,"Arun Jaitley Stadium, Delhi",6,bat,Chennai Super Kings,6,1,,86,,
3,12,23-Apr-13,2013,10:30 AM GMT / 04:00 PM LOCAL,"M.Chinnaswamy Stadium, Bengaluru",12,bowl,Royal Challengers Bangalore,3,0,,130,,
5,3,27-Apr-13,2013,02:30 PM GMT / 08:00 PM LOCAL,"Wankhede Stadium, Mumbai",5,bat,Mumbai Indians,5,1,,58,,
6,8,28-Apr-13,2013,10:30 AM GMT / 04:00 PM LOCAL,"MA Chidambaram Stadium, Chennai",8,bowl,Chennai Super Kings,6,0,,14,,
2,12,28-Apr-13,2013,02:30 PM GMT / 08:00 PM LOCAL,"Shaheed Veer Narayan Singh International Stadium, Raipur",12,bowl,Delhi Capitals,2,0,,15,,
5,9,29-Apr-13,2013,02:30 PM GMT / 08:00 PM LOCAL,"Wankhede Stadium, Mumbai",5,bat,Mumbai Indians,5,1,,4,,
12,6,30-Apr-13,2013,02:30 PM GMT / 08:00 PM LOCAL,"Maharashtra Cricket Association Stadium, Pune",6,bat,Chennai Super Kings,6,1,,37,,
6,9,2-May-13,2013,10:30 AM GMT / 04:00 PM LOCAL,"MA Chidambaram Stadium, Chennai",6,bat,Chennai Super Kings,6,1,,15,,
12,3,2-May-13,2013,02:30 PM GMT / 08:00 PM LOCAL,"Maharashtra Cricket Association Stadium, Pune",3,bat,Royal Challengers Bangalore,3,1,,17,,
5,6,5-May-13,2013,10:30 AM GMT / 04:00 PM LOCAL,"Wankhede Stadium, Mumbai",5,bat,Mumbai Indians,5,1,,60,,
5,8,7-May-13,2013,02:30 PM GMT / 08:00 PM LOCAL,"Wankhede Stadium, Mumbai",5,bat,Mumbai Indians,5,1,,65,,
7,6,8-May-13,2013,02:30 PM GMT / 08:00 PM LOCAL,"Rajiv Gandhi International Stadium, Hyderabad",7,bowl,Chennai Super Kings,6,0,,77,,
12,8,9-May-13,2013,02:30 PM GMT / 08:00 PM LOCAL,"Maharashtra Cricket Association Stadium, Pune",8,bat,Kolkata Knight Riders,8,1,,46,,
2,3,10-May-13,2013,02:30 PM GMT / 08:00 PM LOCAL,"Arun Jaitley Stadium, Delhi",2,bowl,Royal Challengers Bangalore,3,0,,4,,
9,7,11-May-13,2013,02:30 PM GMT / 08:00 PM LOCAL,"Punjab Cricket Association IS Bindra Stadium, Mohali",9,bowl,Sunrisers Hyderabad,7,0,,30,,
6,2,14-May-13,2013,02:30 PM GMT / 08:00 PM LOCAL,"MA Chidambaram Stadium, Chennai",6,bat,Chennai Super Kings,6,1,,33,,
8,12,15-May-13,2013,10:30 AM GMT / 04:00 PM LOCAL,"JSCA International Stadium Complex, Ranchi",8,bowl,Pune Warriors,12,0,,7,,
5,4,15-May-13,2013,02:30 PM GMT / 08:00 PM LOCAL,"Wankhede Stadium, Mumbai",4,bowl,Mumbai Indians,5,0,,14,,
9,2,16-May-13,2013,02:30 PM GMT / 08:00 PM LOCAL,"Himachal Pradesh Cricket Association Stadium, Dharamsala",2,bowl,Kings XI Punjab,9,0,,7,,
7,4,17-May-13,2013,02:30 PM GMT / 08:00 PM LOCAL,"Rajiv Gandhi International Stadium, Hyderabad",7,bat,Sunrisers Hyderabad,7,1,,23,,
9,5,18-May-13,2013,10:30 AM GMT / 04:00 PM LOCAL,"Himachal Pradesh Cricket Association Stadium, Dharamsala",5,bowl,Kings XI Punjab,9,0,,50,,
3,6,18-May-13,2013,02:30 PM GMT / 08:00 PM LOCAL,"M.Chinnaswamy Stadium, Bengaluru",6,bowl,Royal Challengers Bangalore,3,0,,24,,
12,2,19-May-13,2013,10:30 AM GMT / 04:00 PM LOCAL,"Maharashtra Cricket Association Stadium, Pune",12,bat,Pune Warriors,12,1,,38,,
6,5,21-May-13,2013,02:30 PM GMT / 08:00 PM LOCAL,"Arun Jaitley Stadium, Delhi",6,bat,Chennai Super Kings,6,1,,48,,
6,5,26-May-13,2013,02:30 PM GMT / 08:00 PM LOCAL,"Eden Gardens, Kolkata",5,bat,Mumbai Indians,5,1,,23,,
5,8,16-Apr-14,2014,02:30 PM GMT / 06:30 PM LOCAL,"Sheikh Zayed Stadium, Abu Dhabi",8,bat,Kolkata Knight Riders,8,1,,41,,
6,2,21-Apr-14,2014,02:30 PM GMT / 06:30 PM LOCAL,"Sheikh Zayed Stadium, Abu Dhabi",6,bat,Chennai Super Kings,6,1,,93,,
9,7,22-Apr-14,2014,02:30 PM GMT / 06:30 PM LOCAL,"Sharjah Cricket Stadium, Sharjah",7,bowl,Kings XI Punjab,9,0,,72,,
4,6,23-Apr-14,2014,02:30 PM GMT / 06:30 PM LOCAL,"Dubai International Cricket Stadium , Dubai",4,bowl,Chennai Super Kings,6,0,,7,,
3,8,24-Apr-14,2014,02:30 PM GMT / 06:30 PM LOCAL,"Sharjah Cricket Stadium, Sharjah",3,bowl,Kolkata Knight Riders,8,0,,2,,
7,2,25-Apr-14,2014,10:30 AM GMT / 02:30 PM LOCAL,"Dubai International Cricket Stadium , Dubai",7,bat,Sunrisers Hyderabad,7,1,,4,,
8,9,26-Apr-14,2014,02:30 PM GMT / 06:30 PM LOCAL,"Sheikh Zayed Stadium, Abu Dhabi",8,bowl,Kings XI Punjab,9,0,,23,,
8,4,29-Apr-14,2014,02:30 PM GMT / 06:30 PM LOCAL,"Sheikh Zayed Stadium, Abu Dhabi",4,bat,Rajasthan Royals,4,1,1,,,
5,7,30-Apr-14,2014,02:30 PM GMT / 06:30 PM LOCAL,"Dubai International Cricket Stadium , Dubai",5,bowl,Sunrisers Hyderabad,7,0,,15,,
6,8,2-May-14,2014,02:30 PM GMT / 08:00 PM LOCAL,"JSCA International Stadium Complex, Ranchi",6,bat,Chennai Super Kings,6,1,,34,,
4,8,5-May-14,2014,10:30 AM GMT / 04:00 PM LOCAL,"Sardar Patel Stadium, Ahmedabad",8,bowl,Rajasthan Royals,4,0,,10,,
5,3,6-May-14,2014,02:30 PM GMT / 08:00 PM LOCAL,"Wankhede Stadium, Mumbai",3,bowl,Mumbai Indians,5,0,,19,,
9,6,7-May-14,2014,02:30 PM GMT / 08:00 PM LOCAL,"Barabati Stadium, Cuttack",6,bowl,Kings XI Punjab,9,0,,44,,
4,7,8-May-14,2014,02:30 PM GMT / 08:00 PM LOCAL,"Sardar Patel Stadium, Ahmedabad",4,bowl,Sunrisers Hyderabad,7,0,,32,,
3,9,9-May-14,2014,02:30 PM GMT / 08:00 PM LOCAL,"M.Chinnaswamy Stadium, Bengaluru",3,bowl,Kings XI Punjab,9,0,,32,,
3,2,13-May-14,2014,02:30 PM GMT / 08:00 PM LOCAL,"M.Chinnaswamy Stadium, Bengaluru",2,bowl,Royal Challengers Bangalore,3,0,,16,,
4,2,15-May-14,2014,02:30 PM GMT / 08:00 PM LOCAL,"Sardar Patel Stadium, Ahmedabad",2,bowl,Rajasthan Royals,4,0,,62,,
4,5,19-May-14,2014,10:30 AM GMT / 04:00 PM LOCAL,"Sardar Patel Stadium, Ahmedabad",5,bat,Mumbai Indians,5,1,,25,,
8,3,22-May-14,2014,10:30 AM GMT / 04:00 PM LOCAL,"Eden Gardens, Kolkata",3,bowl,Kolkata Knight Riders,8,0,,30,,
5,2,23-May-14,2014,10:30 AM GMT / 04:00 PM LOCAL,"Wankhede Stadium, Mumbai",2,bowl,Mumbai Indians,5,0,,15,,
9,4,23-May-14,2014,02:30 PM GMT / 08:00 PM LOCAL,"Punjab Cricket Association IS Bindra Stadium, Mohali",4,bowl,Kings XI Punjab,9,0,,16,,
9,8,28-May-14,2014,10:30 AM GMT / 04:00 PM LOCAL,"Eden Gardens, Kolkata",9,bowl,Kolkata Knight Riders,8,0,,28,,
9,6,30-May-14,2014,02:30 PM GMT / 08:00 PM LOCAL,"Wankhede Stadium, Mumbai",6,bowl,Kings XI Punjab,9,0,,24,,
6,2,9-Apr-15,2015,02:30 PM GMT / 08:00 PM LOCAL,"MA Chidambaram Stadium, Chennai",2,bowl,Chennai Super Kings,6,0,,1,,
9,4,10-Apr-15,2015,02:30 PM GMT / 08:00 PM LOCAL,"Maharashtra Cricket Association Stadium, Pune",9,bowl,Rajasthan Royals,4,0,,26,,
6,7,11-Apr-15,2015,10:30 AM GMT / 04:00 PM LOCAL,"MA Chidambaram Stadium, Chennai",6,bat,Chennai Super Kings,6,1,,45,,
5,9,12-Apr-15,2015,02:30 PM GMT / 08:00 PM LOCAL,"Wankhede Stadium, Mumbai",5,bowl,Kings XI Punjab,9,0,,18,,
7,2,18-Apr-15,2015,10:30 AM GMT / 04:00 PM LOCAL,"Dr. Y.S. Rajasekhara Reddy ACA-VDCA Cricket Stadium, Visakhapatnam",2,bat,Delhi Capitals,2,1,,4,,
3,5,19-Apr-15,2015,02:30 PM GMT / 08:00 PM LOCAL,"M.Chinnaswamy Stadium, Bengaluru",3,bowl,Mumbai Indians,5,0,,18,,
4,9,21-Apr-15,2015,02:30 PM GMT / 08:00 PM LOCAL,"Sardar Patel Stadium, Ahmedabad",9,bowl,Kings XI Punjab,9,1,1,,,
7,8,22-Apr-15,2015,10:30 AM GMT / 04:00 PM LOCAL,"Dr. Y.S. Rajasekhara Reddy ACA-VDCA Cricket Stadium, Visakhapatnam",8,bowl,Sunrisers Hyderabad,7,0,,16,,
3,6,22-Apr-15,2015,02:30 PM GMT / 08:00 PM LOCAL,"M.Chinnaswamy Stadium, Bengaluru",3,bowl,Chennai Super Kings,6,0,,27,,
2,5,23-Apr-15,2015,02:30 PM GMT / 08:00 PM LOCAL,"Arun Jaitley Stadium, Delhi",5,bowl,Delhi Capitals,2,0,,37,,
5,7,25-Apr-15,2015,10:30 AM GMT / 04:00 PM LOCAL,"Wankhede Stadium, Mumbai",5,bat,Mumbai Indians,5,1,,20,,
6,9,25-Apr-15,2015,02:30 PM GMT / 08:00 PM LOCAL,"MA Chidambaram Stadium, Chennai",6,bat,Chennai Super Kings,6,1,,97,,
9,7,27-Apr-15,2015,02:30 PM GMT / 08:00 PM LOCAL,"Punjab Cricket Association IS Bindra Stadium, Mohali",9,bowl,Sunrisers Hyderabad,7,0,,20,,
6,8,28-Apr-15,2015,02:30 PM GMT / 08:00 PM LOCAL,"MA Chidambaram Stadium, Chennai",8,bowl,Chennai Super Kings,6,0,,2,,
5,4,1-May-15,2015,02:30 PM GMT / 08:00 PM LOCAL,"Wankhede Stadium, Mumbai",4,bowl,Mumbai Indians,5,0,,8,,
7,6,2-May-15,2015,02:30 PM GMT / 08:00 PM LOCAL,"Rajiv Gandhi International Stadium, Hyderabad",6,bowl,Sunrisers Hyderabad,7,0,,22,,
9,5,3-May-15,2015,10:30 AM GMT / 04:00 PM LOCAL,"Punjab Cricket Association IS Bindra Stadium, Mohali",5,bat,Mumbai Indians,5,1,,23,,
4,2,3-May-15,2015,02:30 PM GMT / 08:00 PM LOCAL,"Brabourne Stadium, Mumbai",2,bowl,Rajasthan Royals,4,0,,14,,
6,3,4-May-15,2015,10:30 AM GMT / 04:00 PM LOCAL,"MA Chidambaram Stadium, Chennai",6,bat,Chennai Super Kings,6,1,,24,,
8,7,4-May-15,2015,02:30 PM GMT / 08:00 PM LOCAL,"Eden Gardens, Kolkata",7,bowl,Kolkata Knight Riders,8,0,,35,,
3,9,6-May-15,2015,02:30 PM GMT / 08:00 PM LOCAL,"M.Chinnaswamy Stadium, Bengaluru",9,bowl,Royal Challengers Bangalore,3,0,,138,,
4,7,7-May-15,2015,10:30 AM GMT / 04:00 PM LOCAL,"Brabourne Stadium, Mumbai",4,bowl,Sunrisers Hyderabad,7,0,,7,,
8,2,7-May-15,2015,02:30 PM GMT / 08:00 PM LOCAL,"Eden Gardens, Kolkata",8,bat,Kolkata Knight Riders,8,1,,13,,
2,7,9-May-15,2015,02:30 PM GMT / 08:00 PM LOCAL,"Shaheed Veer Narayan Singh International Stadium, Raipur",7,bat,Sunrisers Hyderabad,7,1,,6,,
5,3,10-May-15,2015,10:30 AM GMT / 04:00 PM LOCAL,"Wankhede Stadium, Mumbai",3,bat,Royal Challengers Bangalore,3,1,,39,,
6,4,10-May-15,2015,02:30 PM GMT / 08:00 PM LOCAL,"MA Chidambaram Stadium, Chennai",6,bat,Chennai Super Kings,6,1,,12,,
7,9,11-May-15,2015,02:30 PM GMT / 08:00 PM LOCAL,"Rajiv Gandhi International Stadium, Hyderabad",7,bat,Sunrisers Hyderabad,7,1,,5,,
9,3,13-May-15,2015,02:30 PM GMT / 08:00 PM LOCAL,"Punjab Cricket Association IS Bindra Stadium, Mohali",3,bowl,Kings XI Punjab,9,0,,22,,
5,8,14-May-15,2015,02:30 PM GMT / 08:00 PM LOCAL,"Wankhede Stadium, Mumbai",8,bowl,Mumbai Indians,5,0,,5,,
4,8,16-May-15,2015,02:30 PM GMT / 08:00 PM LOCAL,"Brabourne Stadium, Mumbai",4,bat,Rajasthan Royals,4,1,,9,,
6,5,19-May-15,2015,02:30 PM GMT / 08:00 PM LOCAL,"Wankhede Stadium, Mumbai",5,bat,Mumbai Indians,5,1,,25,,
3,4,20-May-15,2015,02:30 PM GMT / 08:00 PM LOCAL,"Maharashtra Cricket Association Stadium, Pune",3,bat,Royal Challengers Bangalore,3,1,,71,,
5,6,24-May-15,2015,02:30 PM GMT / 08:00 PM LOCAL,"Eden Gardens, Kolkata",6,bowl,Mumbai Indians,5,0,,41,,
3,7,12-Apr-16,2016,02:30 PM GMT / 08:00 PM LOCAL,"M.Chinnaswamy Stadium, Bengaluru",7,bowl,Royal Challengers Bangalore,3,0,,45,,
10,3,22-Apr-16,2016,02:30 PM GMT / 08:00 PM LOCAL,"Maharashtra Cricket Association Stadium, Pune",10,bowl,Royal Challengers Bangalore,3,0,,13,,
2,5,23-Apr-16,2016,10:30 AM GMT / 04:00 PM LOCAL,"Arun Jaitley Stadium, Delhi",5,bowl,Delhi Capitals,2,0,,10,,
9,5,25-Apr-16,2016,02:30 PM GMT / 08:00 PM LOCAL,"Punjab Cricket Association IS Bindra Stadium, Mohali",9,bowl,Mumbai Indians,5,0,,25,,
7,10,26-Apr-16,2016,02:30 PM GMT / 08:00 PM LOCAL,"Rajiv Gandhi International Stadium, Hyderabad",10,bowl,Rising Pune Supergiants,10,1,,34,,
2,13,27-Apr-16,2016,02:30 PM GMT / 08:00 PM LOCAL,"Arun Jaitley Stadium, Delhi",2,bowl,Gujarat Lions,13,0,,1,,
2,8,30-Apr-16,2016,10:30 AM GMT / 04:00 PM LOCAL,"Arun Jaitley Stadium, Delhi",8,bowl,Delhi Capitals,2,0,,27,,
7,3,30-Apr-16,2016,02:30 PM GMT / 08:00 PM LOCAL,"Rajiv Gandhi International Stadium, Hyderabad",3,bowl,Sunrisers Hyderabad,7,0,,15,,
13,9,1-May-16,2016,10:30 AM GMT / 04:00 PM LOCAL,"Saurashtra Cricket Association Stadium, Rajkot",13,bowl,Kings XI Punjab,9,0,,23,,
8,9,4-May-16,2016,02:30 PM GMT / 08:00 PM LOCAL,"Eden Gardens, Kolkata",9,bowl,Kolkata Knight Riders,8,0,,7,,
9,2,7-May-16,2016,02:30 PM GMT / 08:00 PM LOCAL,"Punjab Cricket Association IS Bindra Stadium, Mohali",2,bowl,Kings XI Punjab,9,0,,9,,
5,7,8-May-16,2016,10:30 AM GMT / 04:00 PM LOCAL,"Dr. Y.S. Rajasekhara Reddy ACA-VDCA Cricket Stadium, Visakhapatnam",5,bowl,Sunrisers Hyderabad,7,0,,85,,
9,3,9-May-16,2016,02:30 PM GMT / 08:00 PM LOCAL,"Punjab Cricket Association IS Bindra Stadium, Mohali",9,bowl,Royal Challengers Bangalore,3,0,,1,,
10,7,10-May-16,2016,02:30 PM GMT / 08:00 PM LOCAL,"Dr. Y.S. Rajasekhara Reddy ACA-VDCA Cricket Stadium, Visakhapatnam",7,bat,Sunrisers Hyderabad,7,1,,4,,
3,13,14-May-16,2016,10:30 AM GMT / 04:00 PM LOCAL,"M.Chinnaswamy Stadium, Bengaluru",13,bowl,Royal Challengers Bangalore,3,0,,144,,
5,2,15-May-16,2016,02:30 PM GMT / 08:00 PM LOCAL,"Dr. Y.S. Rajasekhara Reddy ACA-VDCA Cricket Stadium, Visakhapatnam",2,bowl,Mumbai Indians,5,0,,80,,
10,2,17-May-16,2016,02:30 PM GMT / 08:00 PM LOCAL,"Dr. Y.S. Rajasekhara Reddy ACA-VDCA Cricket Stadium, Visakhapatnam",10,bowl,Rising Pune Supergiants,10,1,,19,,
3,9,18-May-16,2016,02:30 PM GMT / 08:00 PM LOCAL,"M.Chinnaswamy Stadium, Bengaluru",9,bowl,Royal Challengers Bangalore,3,0,,82,,
8,7,22-May-16,2016,10:30 AM GMT / 04:00 PM LOCAL,"Eden Gardens, Kolkata",7,bowl,Kolkata Knight Riders,8,0,,22,,
7,8,25-May-16,2016,02:30 PM GMT / 08:00 PM LOCAL,"Arun Jaitley Stadium, Delhi",8,bowl,Sunrisers Hyderabad,7,0,,22,,
3,7,29-May-16,2016,02:30 PM GMT / 08:00 PM LOCAL,"M.Chinnaswamy Stadium, Bengaluru",7,bat,Sunrisers Hyderabad,7,1,,8,,
7,3,5-Apr-17,2017,02:30 PM GMT / 08:00 PM LOCAL,"Rajiv Gandhi International Stadium, Hyderabad",3,bowl,Sunrisers Hyderabad,7,0,,35,,
3,2,8-Apr-17,2017,02:30 PM GMT / 08:00 PM LOCAL,"M.Chinnaswamy Stadium, Bengaluru",3,bat,Royal Challengers Bangalore,3,1,,15,,
10,2,11-Apr-17,2017,02:30 PM GMT / 08:00 PM LOCAL,"Maharashtra Cricket Association Stadium, Pune",10,bowl,Delhi Capitals,2,0,,97,,
8,7,15-Apr-17,2017,10:30 AM GMT / 04:00 PM LOCAL,"Eden Gardens, Kolkata",7,bowl,Kolkata Knight Riders,8,0,,17,,
2,9,15-Apr-17,2017,02:30 PM GMT / 08:00 PM LOCAL,"Arun Jaitley Stadium, Delhi",2,bat,Delhi Capitals,2,1,,51,,
3,10,16-Apr-17,2017,02:30 PM GMT / 08:00 PM LOCAL,"M.Chinnaswamy Stadium, Bengaluru",3,bowl,Rising Pune Supergiants,10,0,,27,,
7,9,17-Apr-17,2017,02:30 PM GMT / 08:00 PM LOCAL,"Rajiv Gandhi International Stadium, Hyderabad",9,bowl,Sunrisers Hyderabad,7,0,,5,,
13,3,18-Apr-17,2017,02:30 PM GMT / 08:00 PM LOCAL,"Saurashtra Cricket Association Stadium, Rajkot",13,bowl,Royal Challengers Bangalore,3,0,,21,,
7,2,19-Apr-17,2017,02:30 PM GMT / 08:00 PM LOCAL,"Rajiv Gandhi International Stadium, Hyderabad",7,bat,Sunrisers Hyderabad,7,1,,15,,
5,2,22-Apr-17,2017,02:30 PM GMT / 08:00 PM LOCAL,"Wankhede Stadium, Mumbai",2,bowl,Mumbai Indians,5,0,,14,,
13,9,23-Apr-17,2017,10:30 AM GMT / 04:00 PM LOCAL,"Saurashtra Cricket Association Stadium, Rajkot",13,bowl,Kings XI Punjab,9,0,,26,,
8,3,23-Apr-17,2017,02:30 PM GMT / 08:00 PM LOCAL,"Eden Gardens, Kolkata",3,bowl,Kolkata Knight Riders,8,0,,82,,
5,10,24-Apr-17,2017,02:30 PM GMT / 08:00 PM LOCAL,"Wankhede Stadium, Mumbai",5,bowl,Rising Pune Supergiants,10,0,,3,,
9,7,28-Apr-17,2017,02:30 PM GMT / 08:00 PM LOCAL,"Punjab Cricket Association IS Bindra Stadium, Mohali",9,bowl,Sunrisers Hyderabad,7,0,,26,,
10,3,29-Apr-17,2017,10:30 AM GMT / 04:00 PM LOCAL,"Maharashtra Cricket Association Stadium, Pune",3,bowl,Rising Pune Supergiants,10,0,,61,,
13,5,29-Apr-17,2017,02:30 PM GMT / 08:00 PM LOCAL,"Saurashtra Cricket Association Stadium, Rajkot",13,bat,Mumbai Indians,5,0,1,,,
7,8,30-Apr-17,2017,02:30 PM GMT / 08:00 PM LOCAL,"Rajiv Gandhi International Stadium, Hyderabad",8,bowl,Sunrisers Hyderabad,7,0,,48,,
3,9,5-May-17,2017,02:30 PM GMT / 08:00 PM LOCAL,"M.Chinnaswamy Stadium, Bengaluru",3,bowl,Kings XI Punjab,9,0,,19,,
7,10,6-May-17,2017,10:30 AM GMT / 04:00 PM LOCAL,"Rajiv Gandhi International Stadium, Hyderabad",7,bowl,Rising Pune Supergiants,10,0,,12,,
2,5,6-May-17,2017,02:30 PM GMT / 08:00 PM LOCAL,"Arun Jaitley Stadium, Delhi",2,bowl,Mumbai Indians,5,0,,146,,
9,8,9-May-17,2017,02:30 PM GMT / 08:00 PM LOCAL,"Punjab Cricket Association IS Bindra Stadium, Mohali",8,bowl,Kings XI Punjab,9,0,,14,,
5,9,11-May-17,2017,02:30 PM GMT / 08:00 PM LOCAL,"Wankhede Stadium, Mumbai",5,bowl,Kings XI Punjab,9,0,,7,,
2,10,12-May-17,2017,02:30 PM GMT / 08:00 PM LOCAL,"Arun Jaitley Stadium, Delhi",2,bat,Delhi Capitals,2,1,,7,,
8,5,13-May-17,2017,02:30 PM GMT / 08:00 PM LOCAL,"Eden Gardens, Kolkata",8,bowl,Mumbai Indians,5,0,,9,,
2,3,14-May-17,2017,02:30 PM GMT / 08:00 PM LOCAL,"Arun Jaitley Stadium, Delhi",3,bat,Royal Challengers Bangalore,3,1,,10,,
5,10,16-May-17,2017,02:30 PM GMT / 08:00 PM LOCAL,"Wankhede Stadium, Mumbai",5,bowl,Rising Pune Supergiants,10,0,,20,,
10,5,21-May-17,2017,02:30 PM GMT / 08:00 PM LOCAL,"Rajiv Gandhi International Stadium, Hyderabad",5,bat,Mumbai Indians,5,1,,1,,
4,2,11-Apr-18,2018,02:30 PM GMT / 08:00 PM LOCAL,"Sawai Mansingh Stadium, Jaipur",2,bowl,Rajasthan Royals,4,0,,10,,
3,4,15-Apr-18,2018,10:30 AM GMT / 04:00 PM LOCAL,"M.Chinnaswamy Stadium, Bengaluru",3,bowl,Rajasthan Royals,4,0,,19,,
9,6,15-Apr-18,2018,02:30 PM GMT / 08:00 PM LOCAL,"Punjab Cricket Association IS Bindra Stadium, Mohali",6,bowl,Kings XI Punjab,9,0,,4,,
8,2,16-Apr-18,2018,02:30 PM GMT / 08:00 PM LOCAL,"Eden Gardens, Kolkata",2,bowl,Kolkata Knight Riders,8,0,,71,,
5,3,17-Apr-18,2018,02:30 PM GMT / 08:00 PM LOCAL,"Wankhede Stadium, Mumbai",3,bowl,Mumbai Indians,5,0,,46,,
9,7,19-Apr-18,2018,02:30 PM GMT / 08:00 PM LOCAL,"Punjab Cricket Association IS Bindra Stadium, Mohali",9,bat,Kings XI Punjab,9,1,,15,,
6,4,20-Apr-18,2018,02:30 PM GMT / 08:00 PM LOCAL,"Maharashtra Cricket Association Stadium, Pune",4,bowl,Chennai Super Kings,6,0,,64,,
7,6,22-Apr-18,2018,10:30 AM GMT / 04:00 PM LOCAL,"Rajiv Gandhi International Stadium, Hyderabad",7,bowl,Chennai Super Kings,6,0,,4,,
2,9,23-Apr-18,2018,02:30 PM GMT / 08:00 PM LOCAL,"Arun Jaitley Stadium, Delhi",2,bowl,Kings XI Punjab,9,0,,4,,
5,7,24-Apr-18,2018,02:30 PM GMT / 08:00 PM LOCAL,"Wankhede Stadium, Mumbai",5,bowl,Sunrisers Hyderabad,7,0,,31,,
7,9,26-Apr-18,2018,02:30 PM GMT / 08:00 PM LOCAL,"Rajiv Gandhi International Stadium, Hyderabad",9,bowl,Sunrisers Hyderabad,7,0,,13,,
2,8,27-Apr-18,2018,02:30 PM GMT / 08:00 PM LOCAL,"Arun Jaitley Stadium, Delhi",8,bowl,Delhi Capitals,2,0,,55,,
4,7,29-Apr-18,2018,10:30 AM GMT / 04:00 PM LOCAL,"Sawai Mansingh Stadium, Jaipur",7,bat,Sunrisers Hyderabad,7,1,,11,,
6,2,30-Apr-18,2018,02:30 PM GMT / 08:00 PM LOCAL,"Maharashtra Cricket Association Stadium, Pune",2,bowl,Chennai Super Kings,6,0,,13,,
3,5,1-May-18,2018,02:30 PM GMT / 08:00 PM LOCAL,"M.Chinnaswamy Stadium, Bengaluru",5,bowl,Royal Challengers Bangalore,3,0,,14,,
2,4,2-May-18,2018,02:30 PM GMT / 08:00 PM LOCAL,"Arun Jaitley Stadium, Delhi",4,bowl,Delhi Capitals,2,0,,4,,
5,8,6-May-18,2018,10:30 AM GMT / 04:00 PM LOCAL,"Wankhede Stadium, Mumbai",8,bowl,Mumbai Indians,5,0,,13,,
7,3,7-May-18,2018,02:30 PM GMT / 08:00 PM LOCAL,"Rajiv Gandhi International Stadium, Hyderabad",3,bowl,Sunrisers Hyderabad,7,0,,5,,
4,9,8-May-18,2018,02:30 PM GMT / 08:00 PM LOCAL,"Sawai Mansingh Stadium, Jaipur",4,bat,Rajasthan Royals,4,1,,15,,
8,5,9-May-18,2018,02:30 PM GMT / 08:00 PM LOCAL,"Eden Gardens, Kolkata",8,bowl,Mumbai Indians,5,0,,102,,
9,8,12-May-18,2018,10:30 AM GMT / 04:00 PM LOCAL,"Holkar Cricket Stadium, Indore",9,bowl,Kolkata Knight Riders,8,0,,31,,
5,9,16-May-18,2018,02:30 PM GMT / 08:00 PM LOCAL,"Wankhede Stadium, Mumbai",9,bowl,Mumbai Indians,5,0,,3,,
3,7,17-May-18,2018,02:30 PM GMT / 08:00 PM LOCAL,"M.Chinnaswamy Stadium, Bengaluru",7,bowl,Royal Challengers Bangalore,3,0,,14,,
2,6,18-May-18,2018,02:30 PM GMT / 08:00 PM LOCAL,"Arun Jaitley Stadium, Delhi",6,bowl,Delhi Capitals,2,0,,34,,
4,3,19-May-18,2018,10:30 AM GMT / 04:00 PM LOCAL,"Sawai Mansingh Stadium, Jaipur",4,bat,Rajasthan Royals,4,1,,30,,
2,5,20-May-18,2018,10:30 AM GMT / 04:00 PM LOCAL,"Arun Jaitley Stadium, Delhi",2,bat,Delhi Capitals,2,1,,11,,
8,4,23-May-18,2018,01:30 PM GMT / 07:00 PM LOCAL,"Eden Gardens, Kolkata",4,bowl,Kolkata Knight Riders,8,0,,25,,
7,8,25-May-18,2018,01:30 PM GMT / 07:00 PM LOCAL,"Eden Gardens, Kolkata",8,bowl,Sunrisers Hyderabad,7,0,,14,,
5,2,24-Mar-19,2019,02:30 PM GMT / 08:00 PM LOCAL,"Wankhede Stadium, Mumbai",5,bowl,Delhi Capitals,2,0,,37,,
4,9,25-Mar-19,2019,02:30 PM GMT / 08:00 PM LOCAL,"Sawai Mansingh Stadium, Jaipur",4,bowl,Kings XI Punjab,9,0,,14,,
8,9,27-Mar-19,2019,02:30 PM GMT / 08:00 PM LOCAL,"Eden Gardens, Kolkata",9,bowl,Kolkata Knight Riders,8,0,,28,,
3,5,28-Mar-19,2019,02:30 PM GMT / 08:00 PM LOCAL,"M.Chinnaswamy Stadium, Bengaluru",3,bowl,Mumbai Indians,5,0,,6,,
2,8,30-Mar-19,2019,02:30 PM GMT / 08:00 PM LOCAL,"Arun Jaitley Stadium, Delhi",2,bowl,Delhi Capitals,2,1,1,,,
7,3,31-Mar-19,2019,10:30 AM GMT / 04:00 PM LOCAL,"Rajiv Gandhi International Stadium, Hyderabad",3,bowl,Sunrisers Hyderabad,7,0,,118,,
6,4,31-Mar-19,2019,02:30 PM GMT / 08:00 PM LOCAL,"MA Chidambaram Stadium, Chennai",4,bowl,Chennai Super Kings,6,0,,8,,
9,2,1-Apr-19,2019,02:30 PM GMT / 08:00 PM LOCAL,"Punjab Cricket Association IS Bindra Stadium, Mohali",2,bowl,Kings XI Punjab,9,0,,14,,
5,6,3-Apr-19,2019,02:30 PM GMT / 08:00 PM LOCAL,"Wankhede Stadium, Mumbai",6,bowl,Mumbai Indians,5,0,,37,,
6,9,6-Apr-19,2019,10:30 AM GMT / 04:00 PM LOCAL,"MA Chidambaram Stadium, Chennai",6,bat,Chennai Super Kings,6,1,,22,,
7,5,6-Apr-19,2019,02:30 PM GMT / 08:00 PM LOCAL,"Rajiv Gandhi International Stadium, Hyderabad",7,bowl,Mumbai Indians,5,0,,40,,
7,2,14-Apr-19,2019,02:30 PM GMT / 08:00 PM LOCAL,"Rajiv Gandhi International Stadium, Hyderabad",7,bowl,Delhi Capitals,2,0,,39,,
9,4,16-Apr-19,2019,02:30 PM GMT / 08:00 PM LOCAL,"Punjab Cricket Association IS Bindra Stadium, Mohali",4,bowl,Kings XI Punjab,9,0,,12,,
2,5,18-Apr-19,2019,02:30 PM GMT / 08:00 PM LOCAL,"Arun Jaitley Stadium, Delhi",5,bat,Mumbai Indians,5,1,,40,,
8,3,19-Apr-19,2019,02:30 PM GMT / 08:00 PM LOCAL,"Eden Gardens, Kolkata",8,bowl,Royal Challengers Bangalore,3,0,,10,,
3,6,21-Apr-19,2019,02:30 PM GMT / 08:00 PM LOCAL,"M.Chinnaswamy Stadium, Bengaluru",6,bowl,Royal Challengers Bangalore,3,0,,1,,
3,9,24-Apr-19,2019,02:30 PM GMT / 08:00 PM LOCAL,"M.Chinnaswamy Stadium, Bengaluru",9,bowl,Royal Challengers Bangalore,3,0,,17,,
6,5,26-Apr-19,2019,02:30 PM GMT / 08:00 PM LOCAL,"MA Chidambaram Stadium, Chennai",6,bowl,Mumbai Indians,5,0,,46,,
2,3,28-Apr-19,2019,10:30 AM GMT / 04:00 PM LOCAL,"Arun Jaitley Stadium, Delhi",2,bat,Delhi Capitals,2,1,,16,,
8,5,28-Apr-19,2019,02:30 PM GMT / 08:00 PM LOCAL,"Eden Gardens, Kolkata",5,bowl,Kolkata Knight Riders,8,0,,34,,
7,9,29-Apr-19,2019,02:30 PM GMT / 08:00 PM LOCAL,"Rajiv Gandhi International Stadium, Hyderabad",9,bowl,Sunrisers Hyderabad,7,0,,45,,
6,2,1-May-19,2019,02:30 PM GMT / 08:00 PM LOCAL,"MA Chidambaram Stadium, Chennai",2,bowl,Chennai Super Kings,6,0,,80,,
5,7,2-May-19,2019,02:30 PM GMT / 08:00 PM LOCAL,"Wankhede Stadium, Mumbai",5,bat,Mumbai Indians,5,1,1,,,
5,6,12-May-19,2019,02:00 PM GMT / 07:30 PM LOCAL,"Rajiv Gandhi International Stadium, Hyderabad",5,bat,Mumbai Indians,5,1,,,,
